bundle,source_name,source_file,source_category,source_title,proposed_section,proposed_collection,action,proposed_target_name,existing_target_id,note
editor,editor_guide,../editor/index.md,collection,Zotonic for editors,Editor guide,Root,adopt_existing_root_or_collection,doc_userguide_index,2173,Reuse live identity after ownership review. Combine useful content; rewrite aliases and incoming links.
editor,editor_collection_getting_started,../editor/01-getting-started/index.md,collection,Getting started,Editor guide,Getting started,reuse_draft_collection,editor_collection_getting_started,,Use the proposed title and position; reconcile ordered children after page merges.
editor,editor_introduction,../editor/01-getting-started/introduction.md,userguide,Introduction to editing with Zotonic,Editor guide,Getting started,merge_into_existing,doc_userguide_cms,1819,Reuse live identity after ownership review. Combine useful content; rewrite aliases and incoming links.
editor,editor_admin_interface,../editor/01-getting-started/admin-interface.md,userguide,The admin interface,Editor guide,Getting started,import_new_or_enrich,editor_admin_interface,,Review with related live material; preserve unique useful detail and avoid duplicate task pages.
editor,editor_first_page,../editor/01-getting-started/first-page.md,userguide,Your first page,Editor guide,Getting started,import_new_or_enrich,editor_first_page,,Review with related live material; preserve unique useful detail and avoid duplicate task pages.
editor,editor_finding_content,../editor/01-getting-started/finding-content.md,userguide,Finding content,Editor guide,Getting started,import_new_or_enrich,editor_finding_content,,Review with related live material; preserve unique useful detail and avoid duplicate task pages.
editor,editor_understanding_content,../editor/01-getting-started/understanding-content.md,userguide,Understanding pages and content,Editor guide,Getting started,import_new_or_enrich,editor_understanding_content,,Review with related live material; preserve unique useful detail and avoid duplicate task pages.
editor,editor_collection_creating_and_editing,../editor/02-creating-and-editing/index.md,collection,Creating and editing content,Editor guide,Create and edit content,reuse_draft_collection,editor_collection_creating_and_editing,,Use the proposed title and position; reconcile ordered children after page merges.
editor,editor_creating_page,../editor/02-creating-and-editing/creating-page.md,userguide,Creating a page,Editor guide,Create and edit content,import_new_or_enrich,editor_creating_page,,Review with related live material; preserve unique useful detail and avoid duplicate task pages.
editor,editor_editing_page,../editor/02-creating-and-editing/editing-page.md,userguide,Editing a page,Editor guide,Create and edit content,import_new_or_enrich,editor_editing_page,,Review with related live material; preserve unique useful detail and avoid duplicate task pages.
editor,editor_titles_summary_body,../editor/02-creating-and-editing/titles-summary-body.md,userguide,"Titles, summaries, and body text",Editor guide,Create and edit content,import_new_or_enrich,editor_titles_summary_body,,Review with related live material; preserve unique useful detail and avoid duplicate task pages.
editor,editor_formatting_text,../editor/02-creating-and-editing/formatting-text.md,userguide,Formatting text,Editor guide,Create and edit content,import_new_or_enrich,editor_formatting_text,,Review with related live material; preserve unique useful detail and avoid duplicate task pages.
editor,editor_adding_links,../editor/02-creating-and-editing/adding-links.md,userguide,Adding links,Editor guide,Create and edit content,import_new_or_enrich,editor_adding_links,,Review with related live material; preserve unique useful detail and avoid duplicate task pages.
editor,editor_content_blocks,../editor/02-creating-and-editing/content-blocks.md,userguide,Adding content blocks,Editor guide,Create and edit content,import_new_or_enrich,editor_content_blocks,,Review with related live material; preserve unique useful detail and avoid duplicate task pages.
editor,editor_change_category,../editor/02-creating-and-editing/change-category.md,userguide,Changing the category of a page,Editor guide,Create and edit content,import_new_or_enrich,editor_change_category,,Review with related live material; preserve unique useful detail and avoid duplicate task pages.
editor,editor_duplicate_reuse,../editor/02-creating-and-editing/duplicate-reuse.md,userguide,Duplicating or reusing content,Editor guide,Create and edit content,import_new_or_enrich,editor_duplicate_reuse,,Review with related live material; preserve unique useful detail and avoid duplicate task pages.
editor,editor_deleting_content,../editor/02-creating-and-editing/deleting-content.md,userguide,Deleting content,Editor guide,Create and edit content,import_new_or_enrich,editor_deleting_content,,Review with related live material; preserve unique useful detail and avoid duplicate task pages.
editor,editor_revisions,../editor/02-creating-and-editing/revisions.md,userguide,Viewing and restoring earlier versions,Editor guide,Create and edit content,import_new_or_enrich,editor_revisions,,Review with related live material; preserve unique useful detail and avoid duplicate task pages.
editor,editor_editorial_notes,../editor/02-creating-and-editing/editorial-notes.md,userguide,Adding an editorial note,Editor guide,Create and edit content,import_new_or_enrich,editor_editorial_notes,,Review with related live material; preserve unique useful detail and avoid duplicate task pages.
editor,editor_collection_publishing,../editor/03-publishing/index.md,collection,Publishing,Editor guide,Publish content,reuse_draft_collection,editor_collection_publishing,,Use the proposed title and position; reconcile ordered children after page merges.
editor,editor_publication,../editor/03-publishing/publication.md,userguide,Publishing and unpublishing,Editor guide,Publish content,import_new_or_enrich,editor_publication,,Review with related live material; preserve unique useful detail and avoid duplicate task pages.
editor,editor_publication_dates,../editor/03-publishing/publication-dates.md,userguide,Publication dates,Editor guide,Publish content,import_new_or_enrich,editor_publication_dates,,Review with related live material; preserve unique useful detail and avoid duplicate task pages.
editor,editor_scheduling,../editor/03-publishing/scheduling.md,userguide,Scheduling a page,Editor guide,Publish content,import_new_or_enrich,editor_scheduling,,Review with related live material; preserve unique useful detail and avoid duplicate task pages.
editor,editor_visibility,../editor/03-publishing/visibility.md,userguide,Who can see a page?,Editor guide,Publish content,import_new_or_enrich,editor_visibility,,Review with related live material; preserve unique useful detail and avoid duplicate task pages.
editor,editor_preview,../editor/03-publishing/preview.md,userguide,Previewing content,Editor guide,Publish content,import_new_or_enrich,editor_preview,,Review with related live material; preserve unique useful detail and avoid duplicate task pages.
editor,editor_remove_from_website,../editor/03-publishing/remove-from-website.md,userguide,Removing a page from the website,Editor guide,Publish content,import_new_or_enrich,editor_remove_from_website,,Review with related live material; preserve unique useful detail and avoid duplicate task pages.
editor,editor_noindex_page,../editor/03-publishing/noindex-page.md,userguide,Keeping a page out of search engines,Editor guide,Publish content,import_new_or_enrich,editor_noindex_page,,Review with related live material; preserve unique useful detail and avoid duplicate task pages.
editor,editor_collection_media,../editor/04-media/index.md,collection,Media,Editor guide,Images and files,reuse_draft_collection,editor_collection_media,,Use the proposed title and position; reconcile ordered children after page merges.
editor,editor_working_with_media,../editor/04-media/working-with-media.md,userguide,Working with media,Editor guide,Images and files,import_new_or_enrich,editor_working_with_media,,Review with related live material; preserve unique useful detail and avoid duplicate task pages.
editor,editor_uploading_image,../editor/04-media/uploading-image.md,userguide,Uploading an image,Editor guide,Images and files,import_new_or_enrich,editor_uploading_image,,Review with related live material; preserve unique useful detail and avoid duplicate task pages.
editor,editor_existing_image,../editor/04-media/existing-image.md,userguide,Adding an existing image,Editor guide,Images and files,import_new_or_enrich,editor_existing_image,,Review with related live material; preserve unique useful detail and avoid duplicate task pages.
editor,editor_page_image,../editor/04-media/page-image.md,userguide,Adding an image to a page,Editor guide,Images and files,import_new_or_enrich,editor_page_image,,Review with related live material; preserve unique useful detail and avoid duplicate task pages.
editor,editor_text_images,../editor/04-media/text-images.md,userguide,Adding images in rich text,Editor guide,Images and files,import_new_or_enrich,editor_text_images,,Review with related live material; preserve unique useful detail and avoid duplicate task pages.
editor,editor_captions_alignment,../editor/04-media/captions-alignment.md,userguide,Image captions and alignment,Editor guide,Images and files,import_new_or_enrich,editor_captions_alignment,,Review with related live material; preserve unique useful detail and avoid duplicate task pages.
editor,editor_replace_media,../editor/04-media/replace-media.md,userguide,Replacing an image or file,Editor guide,Images and files,import_new_or_enrich,editor_replace_media,,Review with related live material; preserve unique useful detail and avoid duplicate task pages.
editor,editor_uploading_documents,../editor/04-media/uploading-documents.md,userguide,Uploading documents,Editor guide,Images and files,import_new_or_enrich,editor_uploading_documents,,Review with related live material; preserve unique useful detail and avoid duplicate task pages.
editor,editor_video_embeds,../editor/04-media/video-embeds.md,userguide,Adding video and other embedded media,Editor guide,Images and files,import_new_or_enrich,editor_video_embeds,,Review with related live material; preserve unique useful detail and avoid duplicate task pages.
editor,editor_finding_media,../editor/04-media/finding-media.md,userguide,Finding media,Editor guide,Images and files,import_new_or_enrich,editor_finding_media,,Review with related live material; preserve unique useful detail and avoid duplicate task pages.
editor,editor_removing_media,../editor/04-media/removing-media.md,userguide,Removing media,Editor guide,Images and files,import_new_or_enrich,editor_removing_media,,Review with related live material; preserve unique useful detail and avoid duplicate task pages.
editor,editor_image_accessibility,../editor/04-media/image-accessibility.md,userguide,Making images understandable,Editor guide,Images and files,import_new_or_enrich,editor_image_accessibility,,Review with related live material; preserve unique useful detail and avoid duplicate task pages.
editor,editor_collection_organizing_content,../editor/05-organizing-content/index.md,collection,Organizing content,Editor guide,Content and navigation,reuse_draft_collection,editor_collection_organizing_content,,Use the proposed title and position; reconcile ordered children after page merges.
editor,editor_organizing_overview,../editor/05-organizing-content/organizing-overview.md,userguide,How Zotonic organizes content,Editor guide,Content and navigation,import_new_or_enrich,editor_organizing_overview,,Review with related live material; preserve unique useful detail and avoid duplicate task pages.
editor,editor_categories,../editor/05-organizing-content/categories.md,userguide,Choosing categories,Editor guide,Content and navigation,import_new_or_enrich,editor_categories,,Review with related live material; preserve unique useful detail and avoid duplicate task pages.
editor,editor_keywords,../editor/05-organizing-content/keywords.md,userguide,Adding keywords or tags,Editor guide,Content and navigation,import_new_or_enrich,editor_keywords,,Review with related live material; preserve unique useful detail and avoid duplicate task pages.
editor,editor_connecting_pages,../editor/05-organizing-content/connecting-pages.md,userguide,Connecting pages,Editor guide,Content and navigation,import_new_or_enrich,editor_connecting_pages,,Review with related live material; preserve unique useful detail and avoid duplicate task pages.
editor,editor_featured_related,../editor/05-organizing-content/featured-related.md,userguide,Featured and related content,Editor guide,Content and navigation,import_new_or_enrich,editor_featured_related,,Review with related live material; preserve unique useful detail and avoid duplicate task pages.
editor,editor_collections,../editor/05-organizing-content/collections.md,userguide,Creating and using collections,Editor guide,Content and navigation,import_new_or_enrich,editor_collections,,Review with related live material; preserve unique useful detail and avoid duplicate task pages.
editor,editor_content_order,../editor/05-organizing-content/content-order.md,userguide,Changing the order of content,Editor guide,Content and navigation,import_new_or_enrich,editor_content_order,,Review with related live material; preserve unique useful detail and avoid duplicate task pages.
editor,editor_relationships,../editor/05-organizing-content/relationships.md,userguide,Understanding relationships,Editor guide,Content and navigation,import_new_or_enrich,editor_relationships,,Review with related live material; preserve unique useful detail and avoid duplicate task pages.
editor,editor_collection_menus_and_navigation,../editor/06-menus-and-navigation/index.md,collection,Menus and navigation,Editor guide,Content and navigation,merge_with_draft,editor_collection_organizing_content,,One canonical destination; preserve distinct instructions from both source pages.
editor,editor_editing_menus,../editor/06-menus-and-navigation/editing-menus.md,userguide,Editing the main menu,Editor guide,Content and navigation,import_new_or_enrich,editor_editing_menus,,Review with related live material; preserve unique useful detail and avoid duplicate task pages.
editor,editor_add_menu_page,../editor/06-menus-and-navigation/add-menu-page.md,userguide,Adding a page to a menu,Editor guide,Content and navigation,import_new_or_enrich,editor_add_menu_page,,Review with related live material; preserve unique useful detail and avoid duplicate task pages.
editor,editor_moving_menu_items,../editor/06-menus-and-navigation/moving-menu-items.md,userguide,Moving menu items,Editor guide,Content and navigation,import_new_or_enrich,editor_moving_menu_items,,Review with related live material; preserve unique useful detail and avoid duplicate task pages.
editor,editor_submenus,../editor/06-menus-and-navigation/submenus.md,userguide,Creating submenus,Editor guide,Content and navigation,import_new_or_enrich,editor_submenus,,Review with related live material; preserve unique useful detail and avoid duplicate task pages.
editor,editor_remove_menu_item,../editor/06-menus-and-navigation/remove-menu-item.md,userguide,Removing a menu item,Editor guide,Content and navigation,import_new_or_enrich,editor_remove_menu_item,,Review with related live material; preserve unique useful detail and avoid duplicate task pages.
editor,editor_multiple_menus,../editor/06-menus-and-navigation/multiple-menus.md,userguide,Working with multiple menus,Editor guide,Content and navigation,import_new_or_enrich,editor_multiple_menus,,Review with related live material; preserve unique useful detail and avoid duplicate task pages.
editor,editor_collection_languages_and_translations,../editor/07-languages-and-translations/index.md,collection,Languages and translations,Editor guide,Translate content,reuse_draft_collection,editor_collection_languages_and_translations,,Use the proposed title and position; reconcile ordered children after page merges.
editor,editor_multilingual_content,../editor/07-languages-and-translations/multilingual-content.md,userguide,Working with multilingual content,Editor guide,Translate content,import_new_or_enrich,editor_multilingual_content,,Review with related live material; preserve unique useful detail and avoid duplicate task pages.
editor,editor_translating_page,../editor/07-languages-and-translations/translating-page.md,userguide,Translating a page,Editor guide,Translate content,import_new_or_enrich,editor_translating_page,,Review with related live material; preserve unique useful detail and avoid duplicate task pages.
editor,editor_page_languages,../editor/07-languages-and-translations/page-languages.md,userguide,Seeing which languages a page has,Editor guide,Translate content,import_new_or_enrich,editor_page_languages,,Review with related live material; preserve unique useful detail and avoid duplicate task pages.
editor,editor_add_remove_translation,../editor/07-languages-and-translations/add-remove-translation.md,userguide,Adding or removing a translation,Editor guide,Translate content,import_new_or_enrich,editor_add_remove_translation,,Review with related live material; preserve unique useful detail and avoid duplicate task pages.
editor,editor_copy_language,../editor/07-languages-and-translations/copy-language.md,userguide,Copying content between languages,Editor guide,Translate content,import_new_or_enrich,editor_copy_language,,Review with related live material; preserve unique useful detail and avoid duplicate task pages.
editor,editor_missing_translations,../editor/07-languages-and-translations/missing-translations.md,userguide,Missing translations and fallback languages,Editor guide,Translate content,import_new_or_enrich,editor_missing_translations,,Review with related live material; preserve unique useful detail and avoid duplicate task pages.
editor,editor_language_urls,../editor/07-languages-and-translations/language-urls.md,userguide,Language-specific URLs,Editor guide,Translate content,import_new_or_enrich,editor_language_urls,,Review with related live material; preserve unique useful detail and avoid duplicate task pages.
editor,editor_collection_people_and_access,../editor/08-people-and-access/index.md,collection,People and access,Site administration,People and permissions,split_collection,admin_collection_people_permissions,,Admin tasks move here; editor role/ownership concepts and permission help stay in Editor guide.
editor,editor_users_editors,../editor/08-people-and-access/users-editors.md,userguide,Users and editors,Editor guide,Content basics,import_new_or_enrich,editor_users_editors,,Review with related live material; preserve unique useful detail and avoid duplicate task pages.
editor,editor_creating_user,../editor/08-people-and-access/creating-user.md,userguide,Creating a user,Site administration,People and permissions,merge_into_existing,doc_userguide_user_management,2045,Reuse live identity after ownership review. Combine useful content; rewrite aliases and incoming links.
editor,editor_permissions,../editor/08-people-and-access/permissions.md,userguide,What am I allowed to edit?,Editor guide,Troubleshooting,import_new_or_enrich,editor_permissions,,Review with related live material; preserve unique useful detail and avoid duplicate task pages.
editor,editor_cannot_edit,../editor/08-people-and-access/cannot-edit.md,userguide,Why can’t I edit this page?,Editor guide,Troubleshooting,import_new_or_enrich,editor_cannot_edit,,Review with related live material; preserve unique useful detail and avoid duplicate task pages.
editor,editor_ownership,../editor/08-people-and-access/ownership.md,userguide,Content ownership,Editor guide,Content basics,import_new_or_enrich,editor_ownership,,Review with related live material; preserve unique useful detail and avoid duplicate task pages.
editor,editor_collaboration,../editor/08-people-and-access/collaboration.md,userguide,Collaboration groups,Site administration,People and permissions,import_new_or_enrich,editor_collaboration,,Expand from editor explanation into a complete admin procedure; retain editor-facing cross-link.
editor,editor_upload_restrictions,../editor/08-people-and-access/upload-restrictions.md,userguide,Upload restrictions,Site administration,Site settings and modules,import_new_or_enrich,editor_upload_restrictions,,Keep editor restrictions explanation linked; write current admin configuration steps before publication.
editor,editor_collection_mailing_lists,../editor/09-mailing-lists/index.md,collection,Mailing lists and newsletters,Editor guide,Newsletters,reuse_draft_collection,editor_collection_mailing_lists,,Use the proposed title and position; reconcile ordered children after page merges.
editor,editor_mailing_lists,../editor/09-mailing-lists/mailing-lists.md,userguide,Working with mailing lists,Editor guide,Newsletters,import_new_or_enrich,editor_mailing_lists,,Review with related live material; preserve unique useful detail and avoid duplicate task pages.
editor,editor_managing_recipients,../editor/09-mailing-lists/managing-recipients.md,userguide,Managing recipients,Editor guide,Newsletters,import_new_or_enrich,editor_managing_recipients,,Review with related live material; preserve unique useful detail and avoid duplicate task pages.
editor,editor_creating_mailing,../editor/09-mailing-lists/creating-mailing.md,userguide,Creating a mailing,Editor guide,Newsletters,import_new_or_enrich,editor_creating_mailing,,Review with related live material; preserve unique useful detail and avoid duplicate task pages.
editor,editor_test_mailing,../editor/09-mailing-lists/test-mailing.md,userguide,Sending a test mailing,Editor guide,Newsletters,import_new_or_enrich,editor_test_mailing,,Review with related live material; preserve unique useful detail and avoid duplicate task pages.
editor,editor_sending_mailing,../editor/09-mailing-lists/sending-mailing.md,userguide,Sending a mailing,Editor guide,Newsletters,import_new_or_enrich,editor_sending_mailing,,Review with related live material; preserve unique useful detail and avoid duplicate task pages.
editor,editor_schedule_mailing,../editor/09-mailing-lists/schedule-mailing.md,userguide,Scheduling a mailing,Editor guide,Newsletters,import_new_or_enrich,editor_schedule_mailing,,Review with related live material; preserve unique useful detail and avoid duplicate task pages.
editor,editor_mailing_status,../editor/09-mailing-lists/mailing-status.md,userguide,Checking mailing status,Editor guide,Newsletters,import_new_or_enrich,editor_mailing_status,,Review with related live material; preserve unique useful detail and avoid duplicate task pages.
editor,editor_recipient_import_export,../editor/09-mailing-lists/recipient-import-export.md,userguide,Importing and exporting recipients,Editor guide,Newsletters,import_new_or_enrich,editor_recipient_import_export,,Review with related live material; preserve unique useful detail and avoid duplicate task pages.
editor,editor_collection_seo_and_sharing,../editor/11-seo-and-sharing/index.md,collection,SEO and sharing,Editor guide,Search engines and sharing,reuse_draft_collection,editor_collection_seo_and_sharing,,Use the proposed title and position; reconcile ordered children after page merges.
editor,editor_seo_basics,../editor/11-seo-and-sharing/seo-basics.md,userguide,SEO basics for editors,Editor guide,Search engines and sharing,import_new_or_enrich,editor_seo_basics,,Review with related live material; preserve unique useful detail and avoid duplicate task pages.
editor,editor_seo_titles,../editor/11-seo-and-sharing/seo-titles.md,userguide,Page titles and descriptions,Editor guide,Search engines and sharing,import_new_or_enrich,editor_seo_titles,,Review with related live material; preserve unique useful detail and avoid duplicate task pages.
editor,editor_search_visibility,../editor/11-seo-and-sharing/search-visibility.md,userguide,Search engine visibility,Editor guide,Search engines and sharing,import_new_or_enrich,editor_search_visibility,,Review with related live material; preserve unique useful detail and avoid duplicate task pages.
editor,editor_social_sharing,../editor/11-seo-and-sharing/social-sharing.md,userguide,Social sharing information,Editor guide,Search engines and sharing,import_new_or_enrich,editor_social_sharing,,Review with related live material; preserve unique useful detail and avoid duplicate task pages.
editor,editor_urls,../editor/11-seo-and-sharing/urls.md,userguide,Changing page URLs,Editor guide,Search engines and sharing,import_new_or_enrich,editor_urls,,Review with related live material; preserve unique useful detail and avoid duplicate task pages.
editor,editor_redirects,../editor/11-seo-and-sharing/redirects.md,userguide,Redirecting an old address,Editor guide,Search engines and sharing,import_new_or_enrich,editor_redirects,,Review with related live material; preserve unique useful detail and avoid duplicate task pages.
editor,editor_collection_troubleshooting,../editor/12-troubleshooting/index.md,collection,Common tasks and troubleshooting,Editor guide,Troubleshooting,reuse_draft_collection,editor_collection_troubleshooting,,Use the proposed title and position; reconcile ordered children after page merges.
editor,editor_changes_not_visible,../editor/12-troubleshooting/changes-not-visible.md,userguide,My changes don’t appear on the website,Editor guide,Troubleshooting,import_new_or_enrich,editor_changes_not_visible,,Review with related live material; preserve unique useful detail and avoid duplicate task pages.
editor,editor_cannot_find,../editor/12-troubleshooting/cannot-find.md,userguide,Why can’t I find a page?,Editor guide,Troubleshooting,import_new_or_enrich,editor_cannot_find,,Review with related live material; preserve unique useful detail and avoid duplicate task pages.
editor,editor_not_published,../editor/12-troubleshooting/not-published.md,userguide,Why isn’t my page published?,Editor guide,Troubleshooting,import_new_or_enrich,editor_not_published,,Review with related live material; preserve unique useful detail and avoid duplicate task pages.
editor,editor_image_not_showing,../editor/12-troubleshooting/image-not-showing.md,userguide,Why isn’t an image showing?,Editor guide,Troubleshooting,import_new_or_enrich,editor_image_not_showing,,Review with related live material; preserve unique useful detail and avoid duplicate task pages.
editor,editor_wrong_image,../editor/12-troubleshooting/wrong-image.md,userguide,Why is the wrong image showing?,Editor guide,Troubleshooting,import_new_or_enrich,editor_wrong_image,,Review with related live material; preserve unique useful detail and avoid duplicate task pages.
editor,editor_old_language,../editor/12-troubleshooting/old-language.md,userguide,Why does another language show old content?,Editor guide,Troubleshooting,import_new_or_enrich,editor_old_language,,Review with related live material; preserve unique useful detail and avoid duplicate task pages.
editor,editor_not_in_menu,../editor/12-troubleshooting/not-in-menu.md,userguide,Why isn’t my page in the menu?,Editor guide,Troubleshooting,import_new_or_enrich,editor_not_in_menu,,Review with related live material; preserve unique useful detail and avoid duplicate task pages.
editor,editor_accidental_change,../editor/12-troubleshooting/accidental-change.md,userguide,I accidentally changed or deleted something,Editor guide,Troubleshooting,import_new_or_enrich,editor_accidental_change,,Review with related live material; preserve unique useful detail and avoid duplicate task pages.
editor,editor_broken_link,../editor/12-troubleshooting/broken-link.md,userguide,A link is broken,Editor guide,Troubleshooting,import_new_or_enrich,editor_broken_link,,Review with related live material; preserve unique useful detail and avoid duplicate task pages.
editor,editor_collection_understanding_zotonic,../editor/13-understanding-zotonic/index.md,collection,Understanding Zotonic,Editor guide,Content basics,reuse_draft_collection,editor_collection_understanding_zotonic,,Use the proposed title and position; reconcile ordered children after page merges.
editor,editor_pages_resources,../editor/13-understanding-zotonic/pages-resources.md,userguide,Pages and resources,Editor guide,Content basics,import_new_or_enrich,editor_pages_resources,,Review with related live material; preserve unique useful detail and avoid duplicate task pages.
editor,editor_categories_concept,../editor/13-understanding-zotonic/categories-concept.md,userguide,What categories mean,Editor guide,Content basics,import_new_or_enrich,editor_categories_concept,,Review with related live material; preserve unique useful detail and avoid duplicate task pages.
editor,editor_connections_concept,../editor/13-understanding-zotonic/connections-concept.md,userguide,What connections mean,Editor guide,Content basics,import_new_or_enrich,editor_connections_concept,,Review with related live material; preserve unique useful detail and avoid duplicate task pages.
editor,editor_media_depictions,../editor/13-understanding-zotonic/media-depictions.md,userguide,Media and depictions,Editor guide,Content basics,import_new_or_enrich,editor_media_depictions,,Review with related live material; preserve unique useful detail and avoid duplicate task pages.
editor,editor_menus_collections,../editor/13-understanding-zotonic/menus-collections.md,userguide,Menus and collections,Editor guide,Content basics,import_new_or_enrich,editor_menus_collections,,Review with related live material; preserve unique useful detail and avoid duplicate task pages.
editor,editor_languages_concept,../editor/13-understanding-zotonic/languages-concept.md,userguide,How languages work,Editor guide,Content basics,import_new_or_enrich,editor_languages_concept,,Review with related live material; preserve unique useful detail and avoid duplicate task pages.
editor,editor_publication_concept,../editor/13-understanding-zotonic/publication-concept.md,userguide,Publication and visibility,Editor guide,Content basics,import_new_or_enrich,editor_publication_concept,,Review with related live material; preserve unique useful detail and avoid duplicate task pages.
developer,developer_guide,../developer/index.md,collection,Developer guide,Developer guide,Root,adopt_existing_root_or_collection,doc_developerguide_index,1635,Reuse live identity after ownership review. Combine useful content; rewrite aliases and incoming links.
developer,developer_collection_getting_started,../developer/01-getting-started/index.md,collection,Getting started,Developer guide,Getting started,reuse_draft_collection,developer_collection_getting_started,,Use the proposed title and position; reconcile ordered children after page merges.
developer,developer_local_environment,../developer/01-getting-started/local-environment.md,developerguide,Set up a local development environment,Developer guide,Getting started,replace_existing_body,doc_developerguide_getting_started,1526,Preserve existing resource identity and URL; use the reviewed installation replacement and remap incoming draft links.
developer,developer_build_start,../developer/01-getting-started/build-start.md,developerguide,Build and start Zotonic,Developer guide,Getting started,add_new_task,developer_build_start,,Keep the shared build/start procedure separate from the installation entry page.
developer,developer_create_site,../developer/01-getting-started/create-site.md,developerguide,Create your first site,Developer guide,Getting started,import_new_or_enrich,developer_create_site,,Review with related live material; preserve unique useful detail and avoid duplicate task pages.
developer,developer_status_and_admin,../developer/01-getting-started/status-and-admin.md,developerguide,Find the status site and your site's admin,Site administration,Site settings and modules,merge_into_existing,doc_developerguide_status_site,1528,Reuse live identity after ownership review. Combine useful content; rewrite aliases and incoming links.
developer,developer_first_template_change,../developer/01-getting-started/first-template-change.md,developerguide,Change a template and see the result,Developer guide,Getting started,import_new_or_enrich,developer_first_template_change,,Review with related live material; preserve unique useful detail and avoid duplicate task pages.
developer,developer_first_dynamic_page,../developer/01-getting-started/first-dynamic-page.md,developerguide,Add your first dynamic page,Developer guide,Getting started,import_new_or_enrich,developer_first_dynamic_page,,Review with related live material; preserve unique useful detail and avoid duplicate task pages.
developer,developer_development_cycle,../developer/01-getting-started/development-cycle.md,developerguide,Understand the development workflow,Developer guide,Getting started,import_new_or_enrich,developer_development_cycle,,Review with related live material; preserve unique useful detail and avoid duplicate task pages.
developer,developer_collection_applications,../developer/02-applications/index.md,collection,Understanding Zotonic applications,Developer guide,Applications and modules,reuse_draft_collection,developer_collection_applications,,Use the proposed title and position; reconcile ordered children after page merges.
developer,developer_workspace,../developer/02-applications/workspace.md,developerguide,The Zotonic workspace,Developer guide,Applications and modules,merge_into_existing,doc_developerguide_directory_structure,2176,Reuse live identity after ownership review. Combine useful content; rewrite aliases and incoming links.
developer,developer_application_identities,../developer/02-applications/application-identities.md,developerguide,"Erlang applications, Zotonic modules, and sites",Developer guide,Applications and modules,import_new_or_enrich,developer_application_identities,,Review with related live material; preserve unique useful detail and avoid duplicate task pages.
developer,developer_site_anatomy,../developer/02-applications/site-anatomy.md,developerguide,Anatomy of a site application,Developer guide,Applications and modules,import_new_or_enrich,developer_site_anatomy,,Review with related live material; preserve unique useful detail and avoid duplicate task pages.
developer,developer_module_anatomy,../developer/02-applications/module-anatomy.md,developerguide,Anatomy of a reusable module,Developer guide,Applications and modules,import_new_or_enrich,developer_module_anatomy,,Review with related live material; preserve unique useful detail and avoid duplicate task pages.
developer,developer_naming,../developer/02-applications/naming.md,developerguide,Application and module names,Developer guide,Applications and modules,import_new_or_enrich,developer_naming,,Review with related live material; preserve unique useful detail and avoid duplicate task pages.
developer,developer_source_directories,../developer/02-applications/source-directories.md,developerguide,What belongs in src and priv,Developer guide,Applications and modules,merge_into_existing,doc_developerguide_directory_structure,2176,Reuse live identity after ownership review. Combine useful content; rewrite aliases and incoming links.
developer,developer_site_configuration,../developer/02-applications/site-configuration.md,developerguide,Site configuration and enabled modules,Site administration,Configuration and services,import_new_or_enrich,developer_site_configuration,,Review with related live material; preserve unique useful detail and avoid duplicate task pages.
developer,developer_module_priority,../developer/02-applications/module-priority.md,developerguide,"Dependencies, capabilities, and module priority",Developer guide,Applications and modules,import_new_or_enrich,developer_module_priority,,Review with related live material; preserve unique useful detail and avoid duplicate task pages.
developer,developer_module_discovery,../developer/02-applications/module-discovery.md,developerguide,"How Zotonic finds templates, dispatch rules, and assets",Developer guide,Applications and modules,import_new_or_enrich,developer_module_discovery,,Review with related live material; preserve unique useful detail and avoid duplicate task pages.
developer,developer_startup_activation,../developer/02-applications/startup-activation.md,developerguide,Application startup and per-site module activation,Developer guide,Applications and modules,import_new_or_enrich,developer_startup_activation,,Review with related live material; preserve unique useful detail and avoid duplicate task pages.
developer,developer_runtime_storage,../developer/02-applications/runtime-storage.md,developerguide,Runtime data and uploaded files,Site administration,Configuration and services,import_new_or_enrich,developer_runtime_storage,,Review with related live material; preserve unique useful detail and avoid duplicate task pages.
developer,developer_collection_command_line_workflows,../developer/03-command-line-workflows/index.md,collection,Working from the command line,Developer guide,Development tools / Command line and Erlang shell,reuse_draft_collection,developer_collection_command_line_workflows,,Subcollection of Development tools; selected operational tasks have their primary home in administration.
developer,developer_cli_help,../developer/03-command-line-workflows/cli-help.md,developerguide,Find help and available commands,Developer guide,Development tools / Command line and Erlang shell,merge_into_existing,doc_reference_cli_index,1547,Reuse live identity after ownership review. Combine useful content; rewrite aliases and incoming links.
developer,developer_startup_modes,../developer/03-command-line-workflows/startup-modes.md,developerguide,Start in the foreground or background,Developer guide,Development tools / Command line and Erlang shell,import_new_or_enrich,developer_startup_modes,,Review with related live material; preserve unique useful detail and avoid duplicate task pages.
developer,developer_running_sites,../developer/03-command-line-workflows/running-sites.md,developerguide,Check running sites,Site administration,Site settings and modules,merge_into_existing,doc_developerguide_status_site,1528,Reuse live identity after ownership review. Combine useful content; rewrite aliases and incoming links.
developer,developer_site_lifecycle,../developer/03-command-line-workflows/site-lifecycle.md,developerguide,"Start, stop, and restart a site",Site administration,Site settings and modules,import_new_or_enrich,developer_site_lifecycle,,Review with related live material; preserve unique useful detail and avoid duplicate task pages.
developer,developer_shell_connect,../developer/03-command-line-workflows/shell-connect.md,developerguide,Connect to the running Erlang shell,Developer guide,Development tools / Command line and Erlang shell,merge_into_existing,doc_developerguide_shell,1639,Reuse live identity after ownership review. Combine useful content; rewrite aliases and incoming links.
developer,developer_shell_data,../developer/03-command-line-workflows/shell-data.md,developerguide,Inspect content from the Erlang shell,Developer guide,Development tools / Command line and Erlang shell,merge_into_existing,doc_developerguide_shell,1639,Reuse live identity after ownership review. Combine useful content; rewrite aliases and incoming links.
developer,developer_compile_load,../developer/03-command-line-workflows/compile-load.md,developerguide,Compile changed code and load modules,Developer guide,Development tools / Command line and Erlang shell,import_new_or_enrich,developer_compile_load,,Review with related live material; preserve unique useful detail and avoid duplicate task pages.
developer,developer_automatic_rebuild,../developer/03-command-line-workflows/automatic-rebuild.md,developerguide,Automatic recompilation and file watching,Developer guide,Development tools / Command line and Erlang shell,import_new_or_enrich,developer_automatic_rebuild,,Review with related live material; preserve unique useful detail and avoid duplicate task pages.
developer,developer_inspect_configuration,../developer/03-command-line-workflows/inspect-configuration.md,developerguide,Inspect global and site configuration,Site administration,Configuration and services,import_new_or_enrich,developer_inspect_configuration,,Review with related live material; preserve unique useful detail and avoid duplicate task pages.
developer,developer_cli_dispatch,../developer/03-command-line-workflows/cli-dispatch.md,developerguide,Trace URL dispatch from the command line,Developer guide,Development tools / Command line and Erlang shell,merge_with_draft,developer_dispatch_debugging,,One canonical destination; preserve distinct instructions from both source pages.
developer,developer_logs_processes,../developer/03-command-line-workflows/logs-processes.md,developerguide,Inspect logs and running processes,Site administration,Monitoring and troubleshooting,import_new_or_enrich,developer_logs_processes,,Review with related live material; preserve unique useful detail and avoid duplicate task pages.
developer,developer_database_shell,../developer/03-command-line-workflows/database-shell.md,developerguide,Test the database connection,Site administration,Monitoring and troubleshooting,import_new_or_enrich,developer_database_shell,,Review with related live material; preserve unique useful detail and avoid duplicate task pages.
developer,developer_cli_tests,../developer/03-command-line-workflows/cli-tests.md,developerguide,Run tests and site checks,Developer guide,Development tools / Command line and Erlang shell,merge_with_draft,developer_testing_erlang,,One canonical destination; preserve distinct instructions from both source pages.
developer,developer_cli_translations,../developer/03-command-line-workflows/cli-translations.md,developerguide,Extract translation messages,Developer guide,Development tools / Command line and Erlang shell,merge_into_existing,doc_developerguide_translation,1409,Reuse live identity after ownership review. Combine useful content; rewrite aliases and incoming links.
developer,developer_cli_backups,../developer/03-command-line-workflows/cli-backups.md,developerguide,Back up and restore site data,Site administration,Backups and recovery,merge_with_draft,developer_backup_recovery,,One canonical destination; preserve distinct instructions from both source pages.
developer,developer_collection_templates,../developer/04-templates/index.md,collection,Templates and page rendering,Developer guide,Templates and page rendering,reuse_draft_collection,developer_collection_templates,,Use the proposed title and position; reconcile ordered children after page merges.
developer,developer_request_path,../developer/04-templates/request-path.md,developerguide,Follow a request to its template,Developer guide,Templates and page rendering,import_new_or_enrich,developer_request_path,,Review with related live material; preserve unique useful detail and avoid duplicate task pages.
developer,developer_template_selection,../developer/04-templates/template-selection.md,developerguide,Find the template used by a page,Developer guide,Templates and page rendering,import_new_or_enrich,developer_template_selection,,One canonical task linked from Templates and Development tools.
developer,developer_template_layout,../developer/04-templates/template-layout.md,developerguide,Create a page layout,Developer guide,Templates and page rendering,import_new_or_enrich,developer_template_layout,,Review with related live material; preserve unique useful detail and avoid duplicate task pages.
developer,developer_template_components,../developer/04-templates/template-components.md,developerguide,Reuse markup with includes and categories,Developer guide,Templates and page rendering,import_new_or_enrich,developer_template_components,,Review with related live material; preserve unique useful detail and avoid duplicate task pages.
developer,developer_template_overrides,../developer/04-templates/template-overrides.md,developerguide,Override a module template,Developer guide,Templates and page rendering,merge_into_existing,doc_cookbook_overriding,1577,Reuse live identity after ownership review. Combine useful content; rewrite aliases and incoming links.
developer,developer_resource_links,../developer/04-templates/resource-links.md,developerguide,Link to resources and dispatch routes,Developer guide,Templates and page rendering,import_new_or_enrich,developer_resource_links,,Review with related live material; preserve unique useful detail and avoid duplicate task pages.
developer,developer_template_values,../developer/04-templates/template-values.md,developerguide,Display values safely,Developer guide,Templates and page rendering,merge_into_existing,doc_cookbook_security_templates_xss,2325,Reuse live identity after ownership review. Combine useful content; rewrite aliases and incoming links.
developer,developer_template_media,../developer/04-templates/template-media.md,developerguide,Display images with mediaclasses,Developer guide,Templates and page rendering,import_new_or_enrich,developer_template_media,,Review with related live material; preserve unique useful detail and avoid duplicate task pages.
developer,developer_template_translations,../developer/04-templates/template-translations.md,developerguide,Translate interface text,Developer guide,Templates and page rendering,merge_into_existing,doc_developerguide_translation,1409,Reuse live identity after ownership review. Combine useful content; rewrite aliases and incoming links.
developer,developer_template_cache,../developer/04-templates/template-cache.md,developerguide,Cache a template fragment,Developer guide,Templates and page rendering,import_new_or_enrich,developer_template_cache,,Review with related live material; preserve unique useful detail and avoid duplicate task pages.
developer,developer_asset_build,../developer/04-templates/asset-build.md,developerguide,Build and serve frontend assets,Developer guide,Templates and page rendering,import_new_or_enrich,developer_asset_build,,Review with related live material; preserve unique useful detail and avoid duplicate task pages.
developer,developer_collection_content_data,../developer/05-content-data/index.md,collection,Content and data,Developer guide,Content and data,reuse_draft_collection,developer_collection_content_data,,Use the proposed title and position; reconcile ordered children after page merges.
developer,developer_site_context,../developer/05-content-data/site-context.md,developerguide,Work with a site context,Developer guide,Content and data,import_new_or_enrich,developer_site_context,,Review with related live material; preserve unique useful detail and avoid duplicate task pages.
developer,developer_resource_identifiers,../developer/05-content-data/resource-identifiers.md,developerguide,Use stable resource names,Developer guide,Content and data,import_new_or_enrich,developer_resource_identifiers,,Review with related live material; preserve unique useful detail and avoid duplicate task pages.
developer,developer_resource_properties,../developer/05-content-data/resource-properties.md,developerguide,Read and update resource properties,Developer guide,Content and data,import_new_or_enrich,developer_resource_properties,,Review with related live material; preserve unique useful detail and avoid duplicate task pages.
developer,developer_categories_predicates,../developer/05-content-data/categories-predicates.md,developerguide,Model content with categories and predicates,Developer guide,Content and data,import_new_or_enrich,developer_categories_predicates,,Review with related live material; preserve unique useful detail and avoid duplicate task pages.
developer,developer_content_edges,../developer/05-content-data/content-edges.md,developerguide,Connect resources and preserve order,Developer guide,Content and data,import_new_or_enrich,developer_content_edges,,Review with related live material; preserve unique useful detail and avoid duplicate task pages.
developer,developer_content_search,../developer/05-content-data/content-search.md,developerguide,Search for resources,Developer guide,Content and data,merge_into_existing,doc_developerguide_search,1638,Reuse live identity after ownership review. Combine useful content; rewrite aliases and incoming links.
developer,developer_media_data,../developer/05-content-data/media-data.md,developerguide,Work with uploaded media,Developer guide,Content and data,import_new_or_enrich,developer_media_data,,Review with related live material; preserve unique useful detail and avoid duplicate task pages.
developer,developer_datamodel_fixtures,../developer/05-content-data/datamodel-fixtures.md,developerguide,Install initial content with a datamodel,Developer guide,Content and data,import_new_or_enrich,developer_datamodel_fixtures,,Review with related live material; preserve unique useful detail and avoid duplicate task pages.
developer,developer_access_control,../developer/05-content-data/access-control.md,developerguide,Keep permission checks at the boundary,Developer guide,Content and data,merge_into_existing,doc_developerguide_access_control,1536,Reuse live identity after ownership review. Combine useful content; rewrite aliases and incoming links.
developer,developer_database_queries,../developer/05-content-data/database-queries.md,developerguide,Add a database query when models are not enough,Developer guide,Content and data,import_new_or_enrich,developer_database_queries,,Review with related live material; preserve unique useful detail and avoid duplicate task pages.
developer,developer_import_export,../developer/05-content-data/import-export.md,developerguide,Move content between sites,Developer guide,Content and data,import_new_or_enrich,developer_import_export,,Review with related live material; preserve unique useful detail and avoid duplicate task pages.
developer,developer_collection_reusable_functionality,../developer/06-reusable-functionality/index.md,collection,Building reusable functionality,Developer guide,Extending Zotonic,reuse_draft_collection,developer_collection_reusable_functionality,,Use the proposed title and position; reconcile ordered children after page merges.
developer,developer_create_module,../developer/06-reusable-functionality/create-module.md,developerguide,Create a reusable module,Developer guide,Extending Zotonic,merge_into_existing,doc_cookbook_writing_module,1576,Reuse live identity after ownership review. Combine useful content; rewrite aliases and incoming links.
developer,developer_extension_points,../developer/06-reusable-functionality/extension-points.md,developerguide,"Choose a model, controller, observer, or component",Developer guide,Extending Zotonic,import_new_or_enrich,developer_extension_points,,Review with related live material; preserve unique useful detail and avoid duplicate task pages.
developer,developer_model_api,../developer/06-reusable-functionality/model-api.md,developerguide,Expose data through a model,Developer guide,Extending Zotonic,import_new_or_enrich,developer_model_api,,Keep minimal first-model example here; link full live OMDB integration recipe rather than replacing it.
developer,developer_controllers,../developer/06-reusable-functionality/controllers.md,developerguide,Add an HTTP controller,Developer guide,Extending Zotonic,merge_into_existing,doc_developerguide_controllers,1540,Reuse live identity after ownership review. Combine useful content; rewrite aliases and incoming links.
developer,developer_observers,../developer/06-reusable-functionality/observers.md,developerguide,Respond to a notification,Developer guide,Extending Zotonic,merge_into_existing,doc_developerguide_notifications,1274,Reuse live identity after ownership review. Combine useful content; rewrite aliases and incoming links.
developer,developer_template_extensions,../developer/06-reusable-functionality/template-extensions.md,developerguide,Add a filter or rendering component,Developer guide,Extending Zotonic,import_new_or_enrich,developer_template_extensions,,Review with related live material; preserve unique useful detail and avoid duplicate task pages.
developer,developer_schema_upgrades,../developer/06-reusable-functionality/schema-upgrades.md,developerguide,Upgrade a module's data schema,Developer guide,Extending Zotonic,import_new_or_enrich,developer_schema_upgrades,,Review with related live material; preserve unique useful detail and avoid duplicate task pages.
developer,developer_background_work,../developer/06-reusable-functionality/background-work.md,developerguide,Run work outside a request,Developer guide,Extending Zotonic,import_new_or_enrich,developer_background_work,,Review with related live material; preserve unique useful detail and avoid duplicate task pages.
developer,developer_collection_browser_apis,../developer/07-browser-apis/index.md,collection,Browser interaction and APIs,Developer guide,Browser interaction and APIs,reuse_draft_collection,developer_collection_browser_apis,,Use the proposed title and position; reconcile ordered children after page merges.
developer,developer_browser_events,../developer/07-browser-apis/browser-events.md,developerguide,Handle a browser event with a wire,Developer guide,Browser interaction and APIs,merge_into_existing,doc_developerguide_wires,1539,Reuse live identity after ownership review. Combine useful content; rewrite aliases and incoming links.
developer,developer_postback_handlers,../developer/07-browser-apis/postback-handlers.md,developerguide,Handle a postback on the server,Developer guide,Browser interaction and APIs,merge_into_existing,doc_developerguide_wires,1539,Reuse live identity after ownership review. Combine useful content; rewrite aliases and incoming links.
developer,developer_forms_validation,../developer/07-browser-apis/forms-validation.md,developerguide,Validate a form on both sides,Developer guide,Browser interaction and APIs,merge_into_existing,doc_developerguide_forms_and_validation,1419,Reuse live identity after ownership review. Combine useful content; rewrite aliases and incoming links.
developer,developer_browser_messaging,../developer/07-browser-apis/browser-messaging.md,developerguide,Use Cotonic and MQTT for browser messaging,Developer guide,Browser interaction and APIs,import_new_or_enrich,developer_browser_messaging,,Review with related live material; preserve unique useful detail and avoid duplicate task pages.
developer,developer_http_api,../developer/07-browser-apis/http-api.md,developerguide,Expose an operation through an API,Developer guide,Browser interaction and APIs,import_new_or_enrich,developer_http_api,,Review with related live material; preserve unique useful detail and avoid duplicate task pages.
developer,developer_browser_debugging,../developer/07-browser-apis/browser-debugging.md,developerguide,Diagnose a failed browser interaction,Developer guide,Browser interaction and APIs,import_new_or_enrich,developer_browser_debugging,,Review with related live material; preserve unique useful detail and avoid duplicate task pages.
developer,developer_collection_development_tools,../developer/08-development-tools/index.md,collection,Development tools and debugging,Developer guide,Development tools / Inspect and debug a running site,reuse_draft_collection,developer_collection_development_tools,,Use the proposed title and position; reconcile ordered children after page merges.
developer,developer_development_tools_overview,../developer/08-development-tools/development-tools-overview.md,developerguide,Choose a development tool,Developer guide,Development tools / Inspect and debug a running site,import_new_or_enrich,developer_development_tools_overview,,Review with related live material; preserve unique useful detail and avoid duplicate task pages.
developer,developer_enable_development,../developer/08-development-tools/enable-development.md,developerguide,Enable the Development module,Developer guide,Development tools / Inspect and debug a running site,import_new_or_enrich,developer_enable_development,,Review with related live material; preserve unique useful detail and avoid duplicate task pages.
developer,developer_live_reload,../developer/08-development-tools/live-reload.md,developerguide,Reload the browser after source changes,Developer guide,Development tools / Inspect and debug a running site,import_new_or_enrich,developer_live_reload,,Review with related live material; preserve unique useful detail and avoid duplicate task pages.
developer,developer_template_trace,../developer/08-development-tools/template-trace.md,developerguide,Trace templates rendered by a request,Developer guide,Development tools / Inspect and debug a running site,import_new_or_enrich,developer_template_trace,,Review with related live material; preserve unique useful detail and avoid duplicate task pages.
developer,developer_template_graph,../developer/08-development-tools/template-graph.md,developerguide,Inspect template dependencies,Developer guide,Development tools / Inspect and debug a running site,import_new_or_enrich,developer_template_graph,,Review with related live material; preserve unique useful detail and avoid duplicate task pages.
developer,developer_template_xref,../developer/08-development-tools/template-xref.md,developerguide,Check template references,Developer guide,Development tools / Inspect and debug a running site,import_new_or_enrich,developer_template_xref,,Review with related live material; preserve unique useful detail and avoid duplicate task pages.
developer,developer_dispatch_debugging,../developer/08-development-tools/dispatch-debugging.md,developerguide,Trace a URL through dispatch,Developer guide,Development tools / Inspect and debug a running site,import_new_or_enrich,developer_dispatch_debugging,,Review with related live material; preserve unique useful detail and avoid duplicate task pages.
developer,developer_observer_tools,../developer/08-development-tools/observer-tools.md,developerguide,Find registered observers,Developer guide,Development tools / Inspect and debug a running site,import_new_or_enrich,developer_observer_tools,,Review with related live material; preserve unique useful detail and avoid duplicate task pages.
developer,developer_database_trace,../developer/08-development-tools/database-trace.md,developerguide,Trace database queries for your session,Developer guide,Development tools / Inspect and debug a running site,import_new_or_enrich,developer_database_trace,,Review with related live material; preserve unique useful detail and avoid duplicate task pages.
developer,developer_function_trace,../developer/08-development-tools/function-trace.md,developerguide,Trace a small number of Erlang calls,Developer guide,Development tools / Inspect and debug a running site,import_new_or_enrich,developer_function_trace,,Review with related live material; preserve unique useful detail and avoid duplicate task pages.
developer,developer_cache_debugging,../developer/08-development-tools/cache-debugging.md,developerguide,Distinguish stale cache data from stale code,Developer guide,Development tools / Inspect and debug a running site,import_new_or_enrich,developer_cache_debugging,,Review with related live material; preserve unique useful detail and avoid duplicate task pages.
developer,developer_structured_logging,../developer/08-development-tools/structured-logging.md,developerguide,Write logs that explain an operation,Developer guide,Development tools / Inspect and debug a running site,merge_into_existing,doc_developerguide_logging,1640,Reuse live identity after ownership review. Combine useful content; rewrite aliases and incoming links.
developer,developer_recompile_rescan,../developer/08-development-tools/recompile-rescan.md,developerguide,Recompile code and refresh discovery,Developer guide,Development tools / Inspect and debug a running site,merge_with_draft,developer_compile_load,,One canonical destination; preserve distinct instructions from both source pages.
developer,developer_development_api,../developer/08-development-tools/development-api.md,developerguide,Understand the optional development API,Developer guide,Development tools / Inspect and debug a running site,import_new_or_enrich,developer_development_api,,Review with related live material; preserve unique useful detail and avoid duplicate task pages.
developer,developer_collection_testing,../developer/09-testing/index.md,collection,Testing and maintaining applications,Developer guide,Testing and contributing,reuse_draft_collection,developer_collection_testing,,Use the proposed title and position; reconcile ordered children after page merges.
developer,developer_testing_strategy,../developer/09-testing/testing-strategy.md,developerguide,Choose checks for a change,Developer guide,Testing and contributing,import_new_or_enrich,developer_testing_strategy,,Review with related live material; preserve unique useful detail and avoid duplicate task pages.
developer,developer_testing_erlang,../developer/09-testing/testing-erlang.md,developerguide,Test Erlang behavior with focused examples,Developer guide,Testing and contributing,import_new_or_enrich,developer_testing_erlang,,Review with related live material; preserve unique useful detail and avoid duplicate task pages.
developer,developer_testing_templates,../developer/09-testing/testing-templates.md,developerguide,Check a rendered template,Developer guide,Testing and contributing,import_new_or_enrich,developer_testing_templates,,Review with related live material; preserve unique useful detail and avoid duplicate task pages.
developer,developer_testing_permissions,../developer/09-testing/testing-permissions.md,developerguide,Test with different users,Developer guide,Testing and contributing,import_new_or_enrich,developer_testing_permissions,,Review with related live material; preserve unique useful detail and avoid duplicate task pages.
developer,developer_testing_upgrades,../developer/09-testing/testing-upgrades.md,developerguide,Verify an upgrade before release,Developer guide,Testing and contributing,import_new_or_enrich,developer_testing_upgrades,,Review with related live material; preserve unique useful detail and avoid duplicate task pages.
developer,developer_maintaining_dependencies,../developer/09-testing/maintaining-dependencies.md,developerguide,Update dependencies deliberately,Developer guide,Testing and contributing,import_new_or_enrich,developer_maintaining_dependencies,,Review with related live material; preserve unique useful detail and avoid duplicate task pages.
developer,developer_collection_configuration_deployment,../developer/10-configuration-deployment/index.md,collection,Configuration and deployment,Site administration,Installation and deployment,split_collection,doc_developerguide_deployment_index,1641,Adopt existing deployment root; distribute configuration/storage and recovery pages to their named admin collections.
developer,developer_configuration_layers,../developer/10-configuration-deployment/configuration-layers.md,developerguide,Find the configuration layer to change,Site administration,Configuration and services,import_new_or_enrich,developer_configuration_layers,,Review with related live material; preserve unique useful detail and avoid duplicate task pages.
developer,developer_runtime_config,../developer/10-configuration-deployment/runtime-config.md,developerguide,Change a runtime setting deliberately,Site administration,Configuration and services,import_new_or_enrich,developer_runtime_config,,Review with related live material; preserve unique useful detail and avoid duplicate task pages.
developer,developer_environment_settings,../developer/10-configuration-deployment/environment-settings.md,developerguide,Keep development and production settings distinct,Site administration,Configuration and services,import_new_or_enrich,developer_environment_settings,,Review with related live material; preserve unique useful detail and avoid duplicate task pages.
developer,developer_storage_configuration,../developer/10-configuration-deployment/storage-configuration.md,developerguide,Configure persistent file storage,Site administration,Configuration and services,import_new_or_enrich,developer_storage_configuration,,Review with related live material; preserve unique useful detail and avoid duplicate task pages.
developer,developer_deployment_workflow,../developer/10-configuration-deployment/deployment-workflow.md,developerguide,Deploy a repeatable release,Site administration,Installation and deployment,merge_and_review_successor,developer_deployment_workflow,,Merge useful material into admin_deploy_release or admin_backup_plan/admin_restore_site; choose redirects only after reviewing incoming links and avoiding self-edges.
developer,developer_backup_recovery,../developer/10-configuration-deployment/backup-recovery.md,developerguide,Verify backups by restoring them,Site administration,Backups and recovery,merge_and_review_successor,developer_backup_recovery,,Merge useful material into admin_deploy_release or admin_backup_plan/admin_restore_site; choose redirects only after reviewing incoming links and avoiding self-edges.
developer,developer_collection_troubleshooting,../developer/11-troubleshooting/index.md,collection,Troubleshooting,Developer guide,Troubleshooting,reuse_draft_collection,developer_collection_troubleshooting,,Use the proposed title and position; reconcile ordered children after page merges.
developer,developer_site_not_starting,../developer/11-troubleshooting/site-not-starting.md,developerguide,A site does not start,Site administration,Monitoring and troubleshooting,import_new_or_enrich,developer_site_not_starting,,Review with related live material; preserve unique useful detail and avoid duplicate task pages.
developer,developer_module_missing,../developer/11-troubleshooting/module-missing.md,developerguide,A module is missing from the admin,Developer guide,Troubleshooting,import_new_or_enrich,developer_module_missing,,Review with related live material; preserve unique useful detail and avoid duplicate task pages.
developer,developer_module_not_active,../developer/11-troubleshooting/module-not-active.md,developerguide,A module is discovered but not active,Developer guide,Troubleshooting,import_new_or_enrich,developer_module_not_active,,Review with related live material; preserve unique useful detail and avoid duplicate task pages.
developer,developer_changes_not_loaded,../developer/11-troubleshooting/changes-not-loaded.md,developerguide,A saved change does not appear,Developer guide,Troubleshooting,import_new_or_enrich,developer_changes_not_loaded,,Review with related live material; preserve unique useful detail and avoid duplicate task pages.
developer,developer_wrong_route,../developer/11-troubleshooting/wrong-route.md,developerguide,A URL reaches the wrong page,Developer guide,Troubleshooting,import_new_or_enrich,developer_wrong_route,,Review with related live material; preserve unique useful detail and avoid duplicate task pages.
developer,developer_model_errors,../developer/11-troubleshooting/model-errors.md,developerguide,A model returns an error or no value,Developer guide,Troubleshooting,import_new_or_enrich,developer_model_errors,,Review with related live material; preserve unique useful detail and avoid duplicate task pages.
developer,developer_missing_media,../developer/11-troubleshooting/missing-media.md,developerguide,An uploaded image does not display,Site administration,Monitoring and troubleshooting,import_new_or_enrich,developer_missing_media,,Review with related live material; preserve unique useful detail and avoid duplicate task pages.
developer,developer_slow_requests,../developer/11-troubleshooting/slow-requests.md,developerguide,A page is slow,Developer guide,Troubleshooting,import_new_or_enrich,developer_slow_requests,,Review with related live material; preserve unique useful detail and avoid duplicate task pages.
developer,developer_collection_command_reference,../developer/12-command-reference/index.md,collection,Command-line reference,Reference,Command-line reference,adopt_existing_root_or_collection,doc_reference_cli_index,1547,Reuse live identity after ownership review. Combine useful content; rewrite aliases and incoming links.
developer,developer_cmd_addsite,../developer/12-command-reference/cmd-addsite.md,developerguide,addsite: Create a site application from a skeleton,Reference,Command-line reference,import_new_or_enrich,developer_cmd_addsite,,One canonical command page under existing reference root 1547; link from developer and admin workflows.
developer,developer_cmd_backup,../developer/12-command-reference/cmd-backup.md,developerguide,"backup: List, create, or restore backups",Reference,Command-line reference,import_new_or_enrich,developer_cmd_backup,,One canonical command page under existing reference root 1547; link from developer and admin workflows.
developer,developer_cmd_chrome,../developer/12-command-reference/cmd-chrome.md,developerguide,chrome: Open a site in Chrome,Reference,Command-line reference,import_new_or_enrich,developer_cmd_chrome,,One canonical command page under existing reference root 1547; link from developer and admin workflows.
developer,developer_cmd_chromium,../developer/12-command-reference/cmd-chromium.md,developerguide,chromium: Open a site in Chromium,Reference,Command-line reference,import_new_or_enrich,developer_cmd_chromium,,One canonical command page under existing reference root 1547; link from developer and admin workflows.
developer,developer_cmd_compile,../developer/12-command-reference/cmd-compile.md,developerguide,compile: Request recompilation on the running node,Reference,Command-line reference,import_new_or_enrich,developer_cmd_compile,,One canonical command page under existing reference root 1547; link from developer and admin workflows.
developer,developer_cmd_compilefile,../developer/12-command-reference/cmd-compilefile.md,developerguide,compilefile: Recompile one Erlang source file,Reference,Command-line reference,import_new_or_enrich,developer_cmd_compilefile,,One canonical command page under existing reference root 1547; link from developer and admin workflows.
developer,developer_cmd_config,../developer/12-command-reference/cmd-config.md,developerguide,config: Display configuration resolved from files,Reference,Command-line reference,import_new_or_enrich,developer_cmd_config,,One canonical command page under existing reference root 1547; link from developer and admin workflows.
developer,developer_cmd_configfiles,../developer/12-command-reference/cmd-configfiles.md,developerguide,configfiles: List selected global configuration files,Reference,Command-line reference,import_new_or_enrich,developer_cmd_configfiles,,One canonical command page under existing reference root 1547; link from developer and admin workflows.
developer,developer_cmd_configtest,../developer/12-command-reference/cmd-configtest.md,developerguide,configtest: Check whether global configuration files can be read,Reference,Command-line reference,import_new_or_enrich,developer_cmd_configtest,,One canonical command page under existing reference root 1547; link from developer and admin workflows.
developer,developer_cmd_connectdb,../developer/12-command-reference/cmd-connectdb.md,developerguide,connectdb: Test the configured PostgreSQL connection,Reference,Command-line reference,import_new_or_enrich,developer_cmd_connectdb,,One canonical command page under existing reference root 1547; link from developer and admin workflows.
developer,developer_cmd_createdb,../developer/12-command-reference/cmd-createdb.md,developerguide,createdb: Prepare a site database and schema,Reference,Command-line reference,import_new_or_enrich,developer_cmd_createdb,,One canonical command page under existing reference root 1547; link from developer and admin workflows.
developer,developer_cmd_debug,../developer/12-command-reference/cmd-debug.md,developerguide,debug: Start Zotonic in the foreground with an Erlang shell,Reference,Command-line reference,import_new_or_enrich,developer_cmd_debug,,One canonical command page under existing reference root 1547; link from developer and admin workflows.
developer,developer_cmd_decrypt,../developer/12-command-reference/cmd-decrypt.md,developerguide,decrypt: Decrypt a local encrypted backup file,Reference,Command-line reference,import_new_or_enrich,developer_cmd_decrypt,,One canonical command page under existing reference root 1547; link from developer and admin workflows.
developer,developer_cmd_dispatch,../developer/12-command-reference/cmd-dispatch.md,developerguide,dispatch: Inspect dispatch rules or trace a URL,Reference,Command-line reference,import_new_or_enrich,developer_cmd_dispatch,,One canonical command page under existing reference root 1547; link from developer and admin workflows.
developer,developer_cmd_etop,../developer/12-command-reference/cmd-etop.md,developerguide,etop: Inspect active Erlang processes,Reference,Command-line reference,import_new_or_enrich,developer_cmd_etop,,One canonical command page under existing reference root 1547; link from developer and admin workflows.
developer,developer_cmd_flush,../developer/12-command-reference/cmd-flush.md,developerguide,flush: Flush site caches,Reference,Command-line reference,import_new_or_enrich,developer_cmd_flush,,One canonical command page under existing reference root 1547; link from developer and admin workflows.
developer,developer_cmd_load,../developer/12-command-reference/cmd-load.md,developerguide,load: Load changed BEAM files,Reference,Command-line reference,import_new_or_enrich,developer_cmd_load,,One canonical command page under existing reference root 1547; link from developer and admin workflows.
developer,developer_cmd_logtail,../developer/12-command-reference/cmd-logtail.md,developerguide,logtail: Print recent lines from a configured log file,Reference,Command-line reference,import_new_or_enrich,developer_cmd_logtail,,One canonical command page under existing reference root 1547; link from developer and admin workflows.
developer,developer_cmd_open,../developer/12-command-reference/cmd-open.md,developerguide,open: Open the site URL in a browser,Reference,Command-line reference,import_new_or_enrich,developer_cmd_open,,One canonical command page under existing reference root 1547; link from developer and admin workflows.
developer,developer_cmd_pot,../developer/12-command-reference/cmd-pot.md,developerguide,pot: Generate gettext translation template files,Reference,Command-line reference,import_new_or_enrich,developer_cmd_pot,,One canonical command page under existing reference root 1547; link from developer and admin workflows.
developer,developer_cmd_resetratelimit,../developer/12-command-reference/cmd-resetratelimit.md,developerguide,resetratelimit: Reset a site rate limiter,Reference,Command-line reference,import_new_or_enrich,developer_cmd_resetratelimit,,One canonical command page under existing reference root 1547; link from developer and admin workflows.
developer,developer_cmd_restart,../developer/12-command-reference/cmd-restart.md,developerguide,restart: Restart Zotonic and all sites within the current VM,Reference,Command-line reference,import_new_or_enrich,developer_cmd_restart,,One canonical command page under existing reference root 1547; link from developer and admin workflows.
developer,developer_cmd_restartsite,../developer/12-command-reference/cmd-restartsite.md,developerguide,restartsite: Restart one site,Reference,Command-line reference,import_new_or_enrich,developer_cmd_restartsite,,One canonical command page under existing reference root 1547; link from developer and admin workflows.
developer,developer_cmd_rpc,../developer/12-command-reference/cmd-rpc.md,developerguide,rpc: Call an exported Erlang function on the node,Reference,Command-line reference,import_new_or_enrich,developer_cmd_rpc,,One canonical command page under existing reference root 1547; link from developer and admin workflows.
developer,developer_cmd_runtests,../developer/12-command-reference/cmd-runtests.md,developerguide,runtests: Run selected core test modules,Reference,Command-line reference,import_new_or_enrich,developer_cmd_runtests,,One canonical command page under existing reference root 1547; link from developer and admin workflows.
developer,developer_cmd_setconfig,../developer/12-command-reference/cmd-setconfig.md,developerguide,setconfig: Set a global runtime Zotonic value,Reference,Command-line reference,import_new_or_enrich,developer_cmd_setconfig,,One canonical command page under existing reference root 1547; link from developer and admin workflows.
developer,developer_cmd_shell,../developer/12-command-reference/cmd-shell.md,developerguide,shell: Connect an Erlang shell to the running node,Reference,Command-line reference,import_new_or_enrich,developer_cmd_shell,,One canonical command page under existing reference root 1547; link from developer and admin workflows.
developer,developer_cmd_siteconfig,../developer/12-command-reference/cmd-siteconfig.md,developerguide,siteconfig: Display a site configuration resolved from files,Reference,Command-line reference,import_new_or_enrich,developer_cmd_siteconfig,,One canonical command page under existing reference root 1547; link from developer and admin workflows.
developer,developer_cmd_siteconfigfiles,../developer/12-command-reference/cmd-siteconfigfiles.md,developerguide,siteconfigfiles: List configuration files selected for a site,Reference,Command-line reference,import_new_or_enrich,developer_cmd_siteconfigfiles,,One canonical command page under existing reference root 1547; link from developer and admin workflows.
developer,developer_cmd_sitedir,../developer/12-command-reference/cmd-sitedir.md,developerguide,sitedir: Show a site application directory,Reference,Command-line reference,import_new_or_enrich,developer_cmd_sitedir,,One canonical command page under existing reference root 1547; link from developer and admin workflows.
developer,developer_cmd_sitetest,../developer/12-command-reference/cmd-sitetest.md,developerguide,sitetest: Run site tests using an isolated test schema,Reference,Command-line reference,import_new_or_enrich,developer_cmd_sitetest,,One canonical command page under existing reference root 1547; link from developer and admin workflows.
developer,developer_cmd_start,../developer/12-command-reference/cmd-start.md,developerguide,start: Start Zotonic in the background,Reference,Command-line reference,import_new_or_enrich,developer_cmd_start,,One canonical command page under existing reference root 1547; link from developer and admin workflows.
developer,developer_cmd_start_nodaemon,../developer/12-command-reference/cmd-start-nodaemon.md,developerguide,start_nodaemon: Start Zotonic in the foreground without an interactive shell,Reference,Command-line reference,import_new_or_enrich,developer_cmd_start_nodaemon,,One canonical command page under existing reference root 1547; link from developer and admin workflows.
developer,developer_cmd_startsite,../developer/12-command-reference/cmd-startsite.md,developerguide,startsite: Start a selected site on the node,Reference,Command-line reference,import_new_or_enrich,developer_cmd_startsite,,One canonical command page under existing reference root 1547; link from developer and admin workflows.
developer,developer_cmd_status,../developer/12-command-reference/cmd-status.md,developerguide,status: Show node and site state,Reference,Command-line reference,import_new_or_enrich,developer_cmd_status,,One canonical command page under existing reference root 1547; link from developer and admin workflows.
developer,developer_cmd_stop,../developer/12-command-reference/cmd-stop.md,developerguide,stop: Stop the Zotonic node,Reference,Command-line reference,import_new_or_enrich,developer_cmd_stop,,One canonical command page under existing reference root 1547; link from developer and admin workflows.
developer,developer_cmd_stopsite,../developer/12-command-reference/cmd-stopsite.md,developerguide,stopsite: Stop one site,Reference,Command-line reference,import_new_or_enrich,developer_cmd_stopsite,,One canonical command page under existing reference root 1547; link from developer and admin workflows.
developer,developer_cmd_update,../developer/12-command-reference/cmd-update.md,developerguide,"update: Compile, load, flush, and rescan the server",Reference,Command-line reference,import_new_or_enrich,developer_cmd_update,,One canonical command page under existing reference root 1547; link from developer and admin workflows.
developer,developer_cmd_wait,../developer/12-command-reference/cmd-wait.md,developerguide,wait: Wait until the node answers a ping,Reference,Command-line reference,import_new_or_enrich,developer_cmd_wait,,One canonical command page under existing reference root 1547; link from developer and admin workflows.
editor,editor_collection_surveys_forms,../editor/10-surveys-and-forms/index.md,collection,Surveys and forms,Editor guide,Surveys and forms,reuse_draft_collection,editor_collection_surveys_forms,,New survey/form documentation; preserve related and reference connections.
editor,editor_surveys_forms,../editor/10-surveys-and-forms/surveys-forms.md,userguide,Surveys and forms: what you can make,Editor guide,Surveys and forms,add_new_task,editor_surveys_forms,,New survey/form documentation; preserve related and reference connections.
editor,editor_creating_form,../editor/10-surveys-and-forms/creating-form.md,userguide,Creating your first form,Editor guide,Surveys and forms,add_new_task,editor_creating_form,,New survey/form documentation; preserve related and reference connections.
editor,editor_survey_questions,../editor/10-surveys-and-forms/adding-questions.md,userguide,Adding and arranging questions,Editor guide,Surveys and forms,add_new_task,editor_survey_questions,,New survey/form documentation; preserve related and reference connections.
editor,editor_survey_choices,../editor/10-surveys-and-forms/answer-choices.md,userguide,Adding answer choices,Editor guide,Surveys and forms,add_new_task,editor_survey_choices,,New survey/form documentation; preserve related and reference connections.
editor,editor_survey_pages,../editor/10-surveys-and-forms/pages-and-jumps.md,userguide,Splitting a form into pages,Editor guide,Surveys and forms,add_new_task,editor_survey_pages,,New survey/form documentation; preserve related and reference connections.
editor,editor_survey_settings,../editor/10-surveys-and-forms/answering-settings.md,userguide,Choosing how people can respond,Editor guide,Surveys and forms,add_new_task,editor_survey_settings,,New survey/form documentation; preserve related and reference connections.
editor,editor_survey_email,../editor/10-surveys-and-forms/confirmation-emails.md,userguide,Sending form notifications and confirmations,Editor guide,Surveys and forms,add_new_task,editor_survey_email,,New survey/form documentation; preserve related and reference connections.
editor,editor_survey_test_publish,../editor/10-surveys-and-forms/testing-publishing.md,userguide,Testing and publishing a form,Editor guide,Surveys and forms,add_new_task,editor_survey_test_publish,,New survey/form documentation; preserve related and reference connections.
editor,editor_survey_results,../editor/10-surveys-and-forms/reviewing-results.md,userguide,Reviewing and following up on responses,Editor guide,Surveys and forms,add_new_task,editor_survey_results,,New survey/form documentation; preserve related and reference connections.
editor,editor_survey_export,../editor/10-surveys-and-forms/exporting-results.md,userguide,Downloading survey results,Editor guide,Surveys and forms,add_new_task,editor_survey_export,,New survey/form documentation; preserve related and reference connections.
editor,editor_survey_change_close,../editor/10-surveys-and-forms/changing-closing.md,userguide,Changing or closing a form,Editor guide,Surveys and forms,add_new_task,editor_survey_change_close,,New survey/form documentation; preserve related and reference connections.
editor,editor_survey_quiz,../editor/10-surveys-and-forms/quizzes.md,userguide,Creating a quiz,Editor guide,Surveys and forms,add_new_task,editor_survey_quiz,,New survey/form documentation; preserve related and reference connections.
developer,developer_install_containers,../developer/01-getting-started/install-containers.md,developerguide,Install with Docker or Podman,Developer guide,Getting started,replace_existing_body,doc_developerguide_docker,1411,Preserve existing resource identity and URL; use the reviewed installation replacement and remap incoming draft links.
developer,developer_install_native,../developer/01-getting-started/install-native.md,developerguide,Install on macOS or Linux,Developer guide,Getting started,add_new_task,developer_install_native,,Installation rewrite; see baseline/revisions/installation.json.
developer,developer_installation_requirements,../developer/01-getting-started/installation-requirements.md,developerguide,Installation requirements,Reference,Installation requirements,replace_existing_body,doc_reference_installation_requirements,1530,Preserve existing resource identity and URL; use the reviewed installation replacement and remap incoming draft links.
developer,developer_local_postgresql,../developer/01-getting-started/local-postgresql.md,developerguide,Prepare local PostgreSQL,Developer guide,Getting started,add_new_task,developer_local_postgresql,,Installation rewrite; see baseline/revisions/installation.json.
developer,developer_install_nix,../developer/01-getting-started/install-nix.md,developerguide,Use the Nix development shell,Developer guide,Getting started,add_new_task,developer_install_nix,,Installation rewrite; see baseline/revisions/installation.json.
administration,admin_guide,../administration/index.md,collection,Site administration,Site administration,Root,reuse_draft_collection,admin_guide,,New administration source. Resolve existing-content adoption candidates before import; reuse shared task identities.
administration,admin_collection_people,../administration/01-people-and-permissions/index.md,collection,People and permissions,Site administration,Root,reuse_draft_collection,admin_collection_people,,New administration source. Resolve existing-content adoption candidates before import; reuse shared task identities.
administration,admin_collection_settings,../administration/02-site-settings-and-modules/index.md,collection,Site settings and modules,Site administration,Root,reuse_draft_collection,admin_collection_settings,,New administration source. Resolve existing-content adoption candidates before import; reuse shared task identities.
administration,admin_collection_deployment,../administration/03-installation-and-deployment/index.md,collection,Installation and deployment,Site administration,Root,adopt_existing_root_or_collection,doc_developerguide_deployment_index,1641,Adopt the existing deployment collection after ownership/category checks; preserve detailed existing children during reconciliation.
administration,admin_collection_services,../administration/04-configuration-and-services/index.md,collection,Configuration and services,Site administration,Root,reuse_draft_collection,admin_collection_services,,New administration source. Resolve existing-content adoption candidates before import; reuse shared task identities.
administration,admin_collection_backups,../administration/05-backups-and-recovery/index.md,collection,Backups and recovery,Site administration,Root,reuse_draft_collection,admin_collection_backups,,New administration source. Resolve existing-content adoption candidates before import; reuse shared task identities.
administration,admin_collection_maintenance,../administration/06-updates-and-maintenance/index.md,collection,Updates and maintenance,Site administration,Root,reuse_draft_collection,admin_collection_maintenance,,New administration source. Resolve existing-content adoption candidates before import; reuse shared task identities.
administration,admin_collection_monitoring,../administration/07-monitoring-and-troubleshooting/index.md,collection,Monitoring and troubleshooting,Site administration,Root,reuse_draft_collection,admin_collection_monitoring,,New administration source. Resolve existing-content adoption candidates before import; reuse shared task identities.
administration,admin_assign_access,../administration/01-people-and-permissions/assign-access.md,adminguide,Assign user groups and check access,Site administration,People and permissions,add_new_task,admin_assign_access,,New administration source. Resolve existing-content adoption candidates before import; reuse shared task identities.
administration,admin_access_rules,../administration/01-people-and-permissions/access-rules.md,adminguide,Test and publish access rules,Site administration,People and permissions,add_new_task,admin_access_rules,,New administration source. Resolve existing-content adoption candidates before import; reuse shared task identities.
administration,admin_remove_access,../administration/01-people-and-permissions/remove-access.md,adminguide,Remove access when someone leaves,Site administration,People and permissions,add_new_task,admin_remove_access,,New administration source. Resolve existing-content adoption candidates before import; reuse shared task identities.
administration,admin_review_access,../administration/01-people-and-permissions/review-access.md,adminguide,Review accounts and shared responsibilities,Site administration,People and permissions,add_new_task,admin_review_access,,New administration source. Resolve existing-content adoption candidates before import; reuse shared task identities.
administration,admin_admin_scopes,../administration/02-site-settings-and-modules/admin-scopes.md,adminguide,Choose the site admin or the status site,Site administration,Site settings and modules,add_new_task,admin_admin_scopes,,New administration source. Resolve existing-content adoption candidates before import; reuse shared task identities.
administration,admin_enable_modules,../administration/02-site-settings-and-modules/enable-modules.md,adminguide,Enable or disable a site feature,Site administration,Site settings and modules,add_new_task,admin_enable_modules,,New administration source. Resolve existing-content adoption candidates before import; reuse shared task identities.
administration,admin_enable_languages,../administration/02-site-settings-and-modules/enable-languages.md,adminguide,Add a language and choose its availability,Site administration,Site settings and modules,add_new_task,admin_enable_languages,,New administration source. Resolve existing-content adoption candidates before import; reuse shared task identities.
administration,admin_upload_policy,../administration/02-site-settings-and-modules/upload-policy.md,adminguide,Set upload sizes and allowed file types,Site administration,Site settings and modules,add_new_task,admin_upload_policy,,New administration source. Resolve existing-content adoption candidates before import; reuse shared task identities.
administration,admin_prepare_environment,../administration/03-installation-and-deployment/prepare-environment.md,adminguide,Prepare an acceptance or production environment,Site administration,Installation and deployment,add_new_task,admin_prepare_environment,,New administration source. Resolve existing-content adoption candidates before import; reuse shared task identities.
administration,admin_deploy_release,../administration/03-installation-and-deployment/deploy-release.md,adminguide,Deploy and verify a release,Site administration,Installation and deployment,add_new_task,admin_deploy_release,,New administration source. Resolve existing-content adoption candidates before import; reuse shared task identities.
administration,admin_service_startup,../administration/03-installation-and-deployment/service-startup.md,adminguide,Configure service startup and restart behaviour,Site administration,Installation and deployment,add_new_task,admin_service_startup,,New administration source. Resolve existing-content adoption candidates before import; reuse shared task identities.
administration,admin_persistent_settings,../administration/04-configuration-and-services/persistent-settings.md,adminguide,Change persistent configuration,Site administration,Configuration and services,add_new_task,admin_persistent_settings,,New administration source. Resolve existing-content adoption candidates before import; reuse shared task identities.
administration,admin_hostnames_https,../administration/04-configuration-and-services/hostnames-https.md,adminguide,Configure hostnames and HTTPS,Site administration,Configuration and services,add_new_task,admin_hostnames_https,,New administration source. Resolve existing-content adoption candidates before import; reuse shared task identities.
administration,admin_outbound_email,../administration/04-configuration-and-services/outbound-email.md,adminguide,Configure outbound email and verify delivery,Site administration,Configuration and services,add_new_task,admin_outbound_email,,New administration source. Resolve existing-content adoption candidates before import; reuse shared task identities.
administration,admin_test_email,../administration/04-configuration-and-services/test-email.md,adminguide,Direct test mail to a controlled recipient,Site administration,Configuration and services,add_new_task,admin_test_email,,New administration source. Resolve existing-content adoption candidates before import; reuse shared task identities.
administration,admin_media_storage,../administration/04-configuration-and-services/media-storage.md,adminguide,Configure and check persistent media storage,Site administration,Configuration and services,add_new_task,admin_media_storage,,New administration source. Resolve existing-content adoption candidates before import; reuse shared task identities.
administration,admin_database_connection,../administration/04-configuration-and-services/database-connection.md,adminguide,Check or change a site database connection,Site administration,Configuration and services,add_new_task,admin_database_connection,,New administration source. Resolve existing-content adoption candidates before import; reuse shared task identities.
administration,admin_backup_plan,../administration/05-backups-and-recovery/backup-plan.md,adminguide,Define what a complete backup includes,Site administration,Backups and recovery,add_new_task,admin_backup_plan,,New administration source. Resolve existing-content adoption candidates before import; reuse shared task identities.
administration,admin_make_backup,../administration/05-backups-and-recovery/make-backup.md,adminguide,Create and check a site backup,Site administration,Backups and recovery,add_new_task,admin_make_backup,,New administration source. Resolve existing-content adoption candidates before import; reuse shared task identities.
administration,admin_restore_site,../administration/05-backups-and-recovery/restore-site.md,adminguide,Rehearse a complete site restore,Site administration,Backups and recovery,add_new_task,admin_restore_site,,New administration source. Resolve existing-content adoption candidates before import; reuse shared task identities.
administration,admin_recover_page,../administration/05-backups-and-recovery/recover-page.md,adminguide,Recover one page without restoring the whole site,Site administration,Backups and recovery,add_new_task,admin_recover_page,,New administration source. Resolve existing-content adoption candidates before import; reuse shared task identities.
administration,admin_upgrade,../administration/06-updates-and-maintenance/upgrade.md,adminguide,Plan and apply an upgrade,Site administration,Updates and maintenance,add_new_task,admin_upgrade,,New administration source. Resolve existing-content adoption candidates before import; reuse shared task identities.
administration,admin_rollback,../administration/06-updates-and-maintenance/rollback.md,adminguide,Prepare and carry out recovery from a failed release,Site administration,Updates and maintenance,add_new_task,admin_rollback,,New administration source. Resolve existing-content adoption candidates before import; reuse shared task identities.
administration,admin_maintenance_window,../administration/06-updates-and-maintenance/maintenance-window.md,adminguide,Run a planned maintenance window,Site administration,Updates and maintenance,add_new_task,admin_maintenance_window,,New administration source. Resolve existing-content adoption candidates before import; reuse shared task identities.
administration,admin_health_checks,../administration/07-monitoring-and-troubleshooting/health-checks.md,adminguide,Check that a site is working,Site administration,Monitoring and troubleshooting,add_new_task,admin_health_checks,,New administration source. Resolve existing-content adoption candidates before import; reuse shared task identities.
administration,admin_logs,../administration/07-monitoring-and-troubleshooting/logs.md,adminguide,Read logs and collect useful evidence,Site administration,Monitoring and troubleshooting,add_new_task,admin_logs,,New administration source. Resolve existing-content adoption candidates before import; reuse shared task identities.
administration,admin_startup_failures,../administration/07-monitoring-and-troubleshooting/startup-failures.md,adminguide,Diagnose a site that will not start,Site administration,Monitoring and troubleshooting,add_new_task,admin_startup_failures,,New administration source. Resolve existing-content adoption candidates before import; reuse shared task identities.
administration,admin_mail_failures,../administration/07-monitoring-and-troubleshooting/mail-failures.md,adminguide,Diagnose missing or failed email,Site administration,Monitoring and troubleshooting,add_new_task,admin_mail_failures,,New administration source. Resolve existing-content adoption candidates before import; reuse shared task identities.
administration,admin_media_failures,../administration/07-monitoring-and-troubleshooting/media-failures.md,adminguide,Diagnose failed uploads or missing media,Site administration,Monitoring and troubleshooting,add_new_task,admin_media_failures,,New administration source. Resolve existing-content adoption candidates before import; reuse shared task identities.
administration,admin_incident,../administration/07-monitoring-and-troubleshooting/incident.md,adminguide,Hand over an incident and record recovery,Site administration,Monitoring and troubleshooting,add_new_task,admin_incident,,New administration source. Resolve existing-content adoption candidates before import; reuse shared task identities.
administration,admin_media_sandbox,../administration/04-configuration-and-services/media-sandbox.md,adminguide,Configure media sandboxing and an optional media runner,Site administration,Configuration and services,add_new_task,admin_media_sandbox,,Sandbox and optional remote media processing; source-reviewed against the current checkout.
