existing_id,existing_name,existing_title,existing_url,proposed_section,proposed_collection,action,draft_sources,note
318,cookbook,Cookbook,https://test.zotonic.com/id/318,Recipes,Root,rename_label,,Keep /cookbook and category browsing; title Recipes. No haspart hierarchy currently on the category resource.
1274,doc_developerguide_notifications,Notifications,https://zotonic.com/id/1274,Developer guide,Extending Zotonic,retain_and_merge,developer_observers,Preserve notifier return contracts and observer examples.
1276,doc_developerguide_resources,Resources,https://zotonic.com/id/1276,Developer guide,Content and data,retain_and_merge,developer_resource_properties;developer_resource_identifiers,"Preserve resource concepts, blocks, identities, pivots and deletion coverage; split long detail into linked tasks if useful."
1277,doc_userguide_datamodel,The Zotonic data model,https://zotonic.com/id/1277,Developer guide,Content and data,retain_and_adapt,editor_pages_resources;editor_categories_concept;editor_connections_concept;developer_categories_predicates,Keep the detailed worked data-model explanation; link short editor concepts to it as optional background.
1280,doc_developerguide_media,Media,https://zotonic.com/id/1280,Developer guide,Templates and page rendering,retain_and_merge,developer_template_media;developer_media_data,Keep responsive images and mediaclass examples after validation; link content-data media API tasks.
1281,doc_cookbook_custom_pivot,Custom pivots,https://zotonic.com/id/1281,Recipes,Content and integrations,retain_with_version_review,,Keep specialist example; review complete code before featuring it in the guide.
1282,doc_cookbook_pivot_templates,Pivot Templates,https://zotonic.com/id/1282,Recipes,Content and integrations,retain_with_version_review,,Keep specialist example; review complete code before featuring it in the guide.
1290,doc_cookbook_frontend_sitemap,Displaying a site map,https://zotonic.com/id/1290,Recipes,Pages and browser interaction,retain_and_update,,Keep outcome-specific worked example; check current template/browser APIs and link the appropriate developer concept.
1302,doc_developerguide_server_browser_interaction,Browser/server interaction,https://zotonic.com/id/1302,Developer guide,Browser interaction and APIs,retain_and_merge,developer_browser_messaging;developer_http_api,Lead with current models/Cotonic/MQTT; clearly identify older transports.
1318,doc_cookbook_exometer,Exometer metrics,https://zotonic.com/id/1318,Recipes,Operations recipes,retain_with_version_review,,Validate Exometer and external monitoring setup before presenting as a default.
1319,doc_developerguide_deployment_server_configuration,Server configuration,https://zotonic.com/id/1319,Site administration,Installation and deployment,retain_and_update,,Verify OS-specific file and connection limits.
1340,doc_cookbook_custom_action,Create a custom action,https://zotonic.com/id/1340,Developer guide,Extending Zotonic,write_missing_task,,Existing body is only a TODO; draft template-extensions page does not provide a complete action implementation.
1352,doc_developerguide_templates,Templates,https://zotonic.com/id/1352,Developer guide,Templates and page rendering,retain_and_merge,developer_template_layout;developer_template_components,Retain syntax and model examples; use task pages as linked steps.
1353,doc_developerguide_modules,Modules,https://zotonic.com/id/1353,Developer guide,Applications and modules,retain_and_merge,developer_module_anatomy;developer_naming;developer_module_priority;developer_module_discovery;developer_startup_activation,"Retain lifecycle, dependencies, capabilities and schema details; link task pages rather than discard depth."
1409,doc_developerguide_translation,Translation,https://zotonic.com/id/1409,Developer guide,Templates and page rendering,split_and_merge,developer_template_translations;developer_cli_translations,Keep code/interface translation here; move enabling languages to administration and editorial translation to Editor guide.
1411,doc_developerguide_docker,Docker,https://zotonic.com/id/1411,Developer guide,Getting started,replace_with_reviewed_draft,developer_install_containers,Use baseline/revisions/installation.json. Preserve this identity and URL; install routes are separate tasks. Cloud-Init is deferred to deployment review.
1416,doc_cookbook_frontend_growl,Enabling Growl Notifications,https://zotonic.com/id/1416,Recipes,Pages and browser interaction,retain_and_update,,Keep outcome-specific worked example; check current template/browser APIs and link the appropriate developer concept.
1418,doc_template_validator_validator_custom,custom,https://zotonic.com/id/1418,Reference,Validators,retain_generated_reference,,"Keep the reference page canonical; guide links to it, rather than making it a guide chapter."
1419,doc_developerguide_forms_and_validation,Forms and validation,https://zotonic.com/id/1419,Developer guide,Browser interaction and APIs,merge,developer_forms_validation,Keep actual validator examples; link validator reference without nesting all reference resources as guide chapters.
1422,doc_cookbook_shell_debuggingdatabase,Debugging db (query) issues,https://zotonic.com/id/1422,Developer guide,Development tools,merge_task,developer_database_trace,Keep diagnostic detail after checking new Development module session tracing.
1428,doc_cookbook_justenough_otp2,"Just enough Erlang/OTP and rebar, part 2",https://zotonic.com/id/1428,Developer guide,Getting started / Background lessons,retain_with_version_review,,"Supplementary Erlang/PostgreSQL background, not a required onboarding sequence; check old rebar/OTP guidance."
1429,doc_cookbook_justenough_otp1,"Just enough Erlang/OTP and rebar, part 1",https://zotonic.com/id/1429,Developer guide,Getting started / Background lessons,retain_with_version_review,,"Supplementary Erlang/PostgreSQL background, not a required onboarding sequence; check old rebar/OTP guidance."
1430,doc_cookbook_admin_custom_style,Customizing the style of an admin page,https://zotonic.com/id/1430,Recipes,Customize the admin,retain_and_update,,"Developer customization, not site administration. Review API/template paths and incomplete portions."
1432,doc_template_validator_validator_username_unique,username_unique,https://zotonic.com/id/1432,Reference,Validators,retain_generated_reference,,"Keep the reference page canonical; guide links to it, rather than making it a guide chapter."
1433,doc_template_validator_validator_email_unique,email_unique,https://zotonic.com/id/1433,Reference,Validators,retain_generated_reference,,"Keep the reference page canonical; guide links to it, rather than making it a guide chapter."
1454,doc_developerguide_configuration_zotonic_configuration,Global configuration,https://zotonic.com/id/1454,Reference,Configuration reference,retain_and_update,,Keep global settings/file-locations reference; verify current loading behavior.
1455,doc_developerguide_upgrading,Upgrade notes,https://zotonic.com/id/1455,Releases,Upgrade notes,retain_and_version,,Keep version-specific changes; administration update checklist links here.
1481,doc_developerguide_deployment_env,Useful environment variables,https://zotonic.com/id/1481,Reference,Configuration reference,retain_and_update,,Keep one authoritative environment-variable lookup; link from setup and operations.
1482,doc_developerguide_configuration_port_ssl_configuration,Port configurations,https://zotonic.com/id/1482,Site administration,Configuration and services,retain_and_update,admin_hostnames_https,Keep deployment topology examples; exact setting definitions link to reference. Administration tasks now authored; retain useful detailed source examples until verified for the chosen deployment.
1526,doc_developerguide_getting_started,Getting Started,https://zotonic.com/id/1526,Developer guide,Getting started,replace_with_reviewed_draft,developer_local_environment,Use baseline/revisions/installation.json. Preserve this identity and URL; install routes are separate tasks. Cloud-Init is deferred to deployment review.
1527,doc_developerguide_sites,Sites,https://zotonic.com/id/1527,Developer guide,Applications and modules,merge,developer_create_site;developer_site_anatomy,Keep overview; retain separate first-site walkthrough where appropriate.
1528,doc_developerguide_status_site,The Status site,https://zotonic.com/id/1528,Site administration,Site settings and modules,merge,admin_admin_scopes;developer_status_and_admin,Keep developer quickstart links; distinguish status site from site admin. Administration tasks now authored; retain useful detailed source examples until verified for the chosen deployment.
1529,doc_developerguide_troubleshooting,Troubleshooting,https://zotonic.com/id/1529,Site administration + Developer guide,Troubleshooting,split_and_update,developer_site_not_starting;developer_wrong_route;developer_changes_not_loaded,Operational startup/database/ports to admin; template/model/source behavior to developers. Keep overview at old identity.
1530,doc_reference_installation_requirements,Installation requirements,https://zotonic.com/id/1530,Reference,Installation requirements,replace_with_reviewed_draft,developer_installation_requirements,Use baseline/revisions/installation.json. Preserve this identity and URL; install routes are separate tasks. Cloud-Init is deferred to deployment review.
1536,doc_developerguide_access_control,Access control,https://zotonic.com/id/1536,Developer guide,Content and data,retain_and_merge,developer_access_control,Keep authentication versus authorization and enforcement APIs. Admin permission configuration is a separate task.
1538,doc_cookbook_shell_characters,Filter and convert characters,https://zotonic.com/id/1538,Recipes,Content and integrations,retain_with_version_review,,Keep specialist example; review complete code before featuring it in the guide.
1539,doc_developerguide_wires,Wires,https://zotonic.com/id/1539,Developer guide,Browser interaction and APIs,retain_and_update,developer_browser_events;developer_postback_handlers,Explain where wires fit; do not present them as the default for every new browser integration.
1540,doc_developerguide_controllers,Controllers,https://zotonic.com/id/1540,Developer guide,Extending Zotonic,merge,developer_controllers,Keep controller anatomy and response examples; link full recipe separately.
1541,doc_developerguide_dispatch_rules,Dispatch rules,https://zotonic.com/id/1541,Developer guide,Extending Zotonic,retain_and_update,developer_request_path;developer_resource_links,Keep routing definition and pattern details; cross-link tasks instead of replacing with an overview.
1544,doc_cookbook_shell_completion,Erlang tab completion,https://zotonic.com/id/1544,Developer guide,Development tools,merge_task,developer_shell_connect,Fold tab completion into canonical shell walkthrough.
1546,doc_developerguide_testing,Testing sites,https://zotonic.com/id/1546,Developer guide,Testing and contributing,retain_and_update,developer_cli_tests;developer_testing_erlang,Preserve complete site-test example and discovery details; distinguish core EUnit runner from sitetest.
1547,doc_reference_cli_index,Command-line,https://zotonic.com/id/1547,Reference,Command-line reference,adopt_collection,developer_collection_command_reference,Keep URL/name; merge 39 command pages under it; retain environment-variable link and verified setup notes.
1552,doc_developerguide_email,E-mail handling,https://zotonic.com/id/1552,Developer guide + Site administration,Extending Zotonic / Configuration and services,split,admin_outbound_email;admin_test_email;admin_mail_failures,Application mail code stays with developers; SMTP configuration and delivery troubleshooting go to administration. Retain old page as overview. Administration tasks now authored; retain useful detailed source examples until verified for the chosen deployment.
1553,doc_cookbook_admin_datetime,Storing date/time fields,https://zotonic.com/id/1553,Recipes,Customize the admin,retain_and_update,,"Developer customization, not site administration. Review API/template paths and incomplete portions."
1572,doc_cookbook_custom_filter,Create a custom filter,https://zotonic.com/id/1572,Developer guide,Extending Zotonic,merge_task,developer_template_extensions,"Keep filter example; draft also covers scomps, so do not collapse both into a filter-only page."
1573,doc_cookbook_custom_model,Create a custom model,https://zotonic.com/id/1573,Recipes,Content and integrations,retain_worked_example,developer_model_api,Keep extended external-API recipe; new minimal model example serves first steps. Check credentials/HTTP/error handling.
1574,doc_cookbook_custom_tag,Create a custom tag,https://zotonic.com/id/1574,Developer guide,Extending Zotonic,retain_and_update,developer_template_extensions,Rename to Create a template component (scomp); keep exact callback and caching contract.
1575,doc_cookbook_custom_search,Custom search,https://zotonic.com/id/1575,Recipes,Content and integrations,retain_with_version_review,,Keep specialist example; review complete code before featuring it in the guide.
1576,doc_cookbook_writing_module,Writing your own module,https://zotonic.com/id/1576,Developer guide,Extending Zotonic,replace_placeholder,developer_create_module,Adopt existing identity for complete minimal module walkthrough; keep recipe discovery link if useful.
1577,doc_cookbook_overriding,Overriding Zotonic,https://zotonic.com/id/1577,Developer guide,Templates and page rendering,merge_task,developer_template_overrides,"Retain asset/logic override notes as linked extension topics, and selected-template verification."
1578,doc_cookbook_task_queue,Execute tasks asynchronously using the task queue,https://zotonic.com/id/1578,Recipes,Content and integrations,retain_worked_example,developer_background_work,Keep task queue retry/deduplication example beyond introductory background-work guidance.
1579,doc_cookbook_template_icons,Icons in templates,https://zotonic.com/id/1579,Developer guide,Templates and page rendering,merge_with_reference,,One practical icon task; shared lookup stays on existing Icons reference.
1580,doc_cookbook_logstash,Logging to Logstash,https://zotonic.com/id/1580,Recipes,Operations recipes,retain_and_update,,Link from administrative log configuration; validate current Logger integration.
1581,doc_cookbook_error_pages,How to customise error pages,https://zotonic.com/id/1581,Recipes,Pages and browser interaction,retain_and_update,,Keep outcome-specific worked example; check current template/browser APIs and link the appropriate developer concept.
1582,doc_cookbook_frontend_contactform,Implementing a simple contact form,https://zotonic.com/id/1582,Recipes,Pages and browser interaction,retain_and_update,,Keep outcome-specific worked example; check current template/browser APIs and link the appropriate developer concept.
1583,doc_cookbook_frontend_custom_content_block,How to add a custom page block,https://zotonic.com/id/1583,Recipes,Pages and browser interaction,retain_and_update,,Keep outcome-specific worked example; check current template/browser APIs and link the appropriate developer concept.
1584,doc_cookbook_frontend_formupdating,Updating form field from a dialog,https://zotonic.com/id/1584,Recipes,Pages and browser interaction,retain_and_update,,Keep outcome-specific worked example; check current template/browser APIs and link the appropriate developer concept.
1586,doc_cookbook_frontend_pagebackgrounds,Page-specific dynamic backgrounds,https://zotonic.com/id/1586,Recipes,Pages and browser interaction,retain_and_update,,Keep outcome-specific worked example; check current template/browser APIs and link the appropriate developer concept.
1587,doc_cookbook_frontend_retrieving_category,Retrieving the category of a page,https://zotonic.com/id/1587,Developer guide,Content and data,merge_task,developer_categories_predicates,Fold small lookup example into category usage; preserve incoming links.
1588,doc_cookbook_frontend_share_variable,Share variable binding across blocks,https://zotonic.com/id/1588,Recipes,Pages and browser interaction,retain_and_update,,Keep outcome-specific worked example; check current template/browser APIs and link the appropriate developer concept.
1589,doc_cookbook_frontend_signup_logon_form,Customizing the sign up and sign in form,https://zotonic.com/id/1589,Recipes,Pages and browser interaction,retain_and_update,,Keep outcome-specific worked example; check current template/browser APIs and link the appropriate developer concept.
1590,doc_cookbook_frontend_signup_redirection,Managing redirection after login and signup,https://zotonic.com/id/1590,Recipes,Pages and browser interaction,retain_and_update,,Keep outcome-specific worked example; check current template/browser APIs and link the appropriate developer concept.
1591,doc_cookbook_frontend_sitespecific_signup,Site-specific signup actions,https://zotonic.com/id/1591,Recipes,Pages and browser interaction,retain_and_update,,Keep outcome-specific worked example; check current template/browser APIs and link the appropriate developer concept.
1592,doc_cookbook_frontend_template_select_value,Dynamic select options using a wired template,https://zotonic.com/id/1592,Recipes,Pages and browser interaction,retain_and_update,,Keep outcome-specific worked example; check current template/browser APIs and link the appropriate developer concept.
1593,doc_cookbook_admin_a_custom_widget,Creating a custom widget on the edit page,https://zotonic.com/id/1593,Recipes,Customize the admin,retain_and_update,,"Developer customization, not site administration. Review API/template paths and incomplete portions."
1594,doc_cookbook_admin_custom_layout,Customizing the layout of the admin edit page,https://zotonic.com/id/1594,Recipes,Customize the admin,retain_and_update,,"Developer customization, not site administration. Review API/template paths and incomplete portions."
1595,doc_cookbook_admin_templates,Admin template specific things,https://zotonic.com/id/1595,Recipes,Customize the admin,rename_and_merge,,Rename vague title; retain useful edit-page link example within admin template recipe.
1596,doc_cookbook_admin_user_group,Automatically add new users to a user group,https://zotonic.com/id/1596,Recipes,Customize the admin,retain_and_update,,"Developer customization, not site administration. Review API/template paths and incomplete portions."
1597,doc_cookbook_shell_activate_modules,Activate/deactivate modules,https://zotonic.com/id/1597,Site administration,Site settings and modules,merge_task,developer_startup_activation,"User operation here, lifecycle explanation stays developer-side. Check current permissions and shell calls."
1598,doc_cookbook_shell_resetpassword,Reset a user’s password,https://zotonic.com/id/1598,Site administration,People and permissions,retain_and_update,,Keep privileged recovery separate from normal reset-password and create-user tasks.
1599,doc_cookbook_shell_restoring_db,Restore/upgrade content db from backup,https://zotonic.com/id/1599,Site administration,Backups and recovery,merge_and_retest,developer_cli_backups;developer_backup_recovery,"Old database-only command sequence requires review. Preserve useful recovery concepts, not unchecked commands."
1600,doc_cookbook_justenough_postgres,Just enough Postgres,https://zotonic.com/id/1600,Developer guide,Getting started / Background lessons,retain_with_version_review,,"Supplementary Erlang/PostgreSQL background, not a required onboarding sequence; check old rebar/OTP guidance."
1601,doc_cookbook_justenough_re,Just Enough Regular Expressions (in Erlang),https://zotonic.com/id/1601,Developer guide,Getting started / Background lessons,retain_with_version_review,,"Supplementary Erlang/PostgreSQL background, not a required onboarding sequence; check old rebar/OTP guidance."
1602,doc_cookbook_justenough_shell,Just enough Erlang shell,https://zotonic.com/id/1602,Developer guide,Getting started / Background lessons,retain_with_version_review,,"Supplementary Erlang/PostgreSQL background, not a required onboarding sequence; check old rebar/OTP guidance."
1635,doc_developerguide_index,Developer Guide,https://zotonic.com/id/1635,Developer guide,Root,adopt_root,developer_guide,Keep identity and /developer-guide; replace long flat contents with reviewed collections.
1636,doc_developerguide_introduction,Introduction,https://zotonic.com/id/1636,Developer guide,Getting started,revise,developer_development_cycle,Use a short learning path; retain links to concepts and prerequisites.
1637,doc_developerguide_icons,Icons,https://zotonic.com/id/1637,Reference,Templates and assets,retain_and_update,,Keep lookup information; link practical usage from developer templates; verify icon build assumptions.
1638,doc_developerguide_search,Search,https://zotonic.com/id/1638,Developer guide,Content and data,retain_and_merge,developer_content_search,Keep query syntax and examples; add pagination and ACL checks.
1639,doc_developerguide_shell,Command-line shell,https://zotonic.com/id/1639,Developer guide,Development tools,merge,developer_shell_connect;developer_shell_data,Keep shell/data walkthrough; move account recovery and operations to admin-linked tasks.
1640,doc_developerguide_logging,Logging,https://zotonic.com/id/1640,Developer guide + Site administration,Development tools / Monitoring and troubleshooting,split_and_merge,developer_structured_logging;developer_logs_processes,"Developer writes log events; administrator configures handlers, storage and monitoring. Keep old overview links."
1641,doc_developerguide_deployment_index,Deployment,https://zotonic.com/id/1641,Site administration,Installation and deployment,adopt_collection,admin_collection_deployment,Retain old deployment identity and links to its existing children; check category and importer ownership. Administration tasks now authored; retain useful detailed source examples until verified for the chosen deployment.
1642,doc_developerguide_contributing,Contributing to Zotonic,https://zotonic.com/id/1642,Developer guide,Testing and contributing,retain_and_update,,Preserve contribution guidance; replace obsolete doc-building assumptions after checking current tooling.
1643,doc_releasenotes_index,Release Notes,https://zotonic.com/id/1643,Releases,Release notes,retain,,Preserve history; remove duplicate long release TOC from developer root.
1728,doc_developerguide_configuration_site_configuration,Site configuration,https://zotonic.com/id/1728,Reference,Configuration reference,retain_and_update,,Keep site setting definitions; link from administration and app development.
1730,doc_template_validator_validator_length,length,https://zotonic.com/id/1730,Reference,Validators,retain_generated_reference,,"Keep the reference page canonical; guide links to it, rather than making it a guide chapter."
1743,doc_template_validator_validator_acceptance,acceptance,https://zotonic.com/id/1743,Reference,Validators,retain_generated_reference,,"Keep the reference page canonical; guide links to it, rather than making it a guide chapter."
1744,doc_template_validator_validator_confirmation,confirmation,https://zotonic.com/id/1744,Reference,Validators,retain_generated_reference,,"Keep the reference page canonical; guide links to it, rather than making it a guide chapter."
1745,doc_template_validator_validator_date,date,https://zotonic.com/id/1745,Reference,Validators,retain_generated_reference,,"Keep the reference page canonical; guide links to it, rather than making it a guide chapter."
1746,doc_template_validator_validator_email,email,https://zotonic.com/id/1746,Reference,Validators,retain_generated_reference,,"Keep the reference page canonical; guide links to it, rather than making it a guide chapter."
1747,doc_template_validator_validator_format,format,https://zotonic.com/id/1747,Reference,Validators,retain_generated_reference,,"Keep the reference page canonical; guide links to it, rather than making it a guide chapter."
1748,doc_template_validator_validator_name_unique,name_unique,https://zotonic.com/id/1748,Reference,Validators,retain_generated_reference,,"Keep the reference page canonical; guide links to it, rather than making it a guide chapter."
1749,doc_template_validator_validator_numericality,numericality,https://zotonic.com/id/1749,Reference,Validators,retain_generated_reference,,"Keep the reference page canonical; guide links to it, rather than making it a guide chapter."
1750,doc_template_validator_validator_postback,postback,https://zotonic.com/id/1750,Reference,Validators,retain_generated_reference,,"Keep the reference page canonical; guide links to it, rather than making it a guide chapter."
1751,doc_template_validator_validator_presence,presence,https://zotonic.com/id/1751,Reference,Validators,retain_generated_reference,,"Keep the reference page canonical; guide links to it, rather than making it a guide chapter."
1755,doc_developerguide_deployment_https,HTTPS support,https://zotonic.com/id/1755,Site administration,Configuration and services,retain_and_update,,Keep TLS overview with current certificate and proxy tasks.
1789,doc_developerguide_deployment_privilegedports,Running on Port 80 and Port 443,https://zotonic.com/id/1789,Site administration,Installation and deployment,retain_and_update,,Validate supported port binding methods; link concise recommended deployment path first.
1790,doc_developerguide_deployment_nginx,Proxying Zotonic with nginx,https://zotonic.com/id/1790,Site administration,Installation and deployment,retain_and_update,admin_hostnames_https,"Test reverse-proxy, HTTPS and WebSocket configuration for the target release. Administration tasks now authored; retain useful detailed source examples until verified for the chosen deployment."
1819,doc_userguide_cms,CMS,https://zotonic.com/id/1819,Editor guide,Getting started,merge,editor_introduction,Replace the placeholder with the practical introduction.
1907,doc_developerguide_configuration_index,Configuration,https://zotonic.com/id/1907,Reference,Configuration reference,retain_collection,developer_configuration_layers,Keep setting definitions here; task-oriented configuration pages live in administration.
1987,doc_developerguide_deployment_startup,Automatic startup on system boot,https://zotonic.com/id/1987,Site administration,Installation and deployment,rewrite_for_current_version,admin_service_startup,Replace or explicitly version old init-script instructions; document selected supported service setup. Administration tasks now authored; retain useful detailed source examples until verified for the chosen deployment.
1990,doc_developerguide_deployment_varnish,Using Varnish as frontend for Zotonic,https://zotonic.com/id/1990,Recipes,Operations recipes,retain_with_version_review,,Keep optional Varnish recipe out of default onboarding; verify legacy configuration before promotion.
2021,doc_userguide_issues_and_features,Issues and features,https://zotonic.com/id/2021,Help,Report a problem,revise_and_link,,Remove unverified schedule claim; link from all guides.
2045,doc_userguide_user_management,User management,https://zotonic.com/id/2045,Site administration,People and permissions,merge,editor_creating_user;admin_assign_access;admin_remove_access;admin_review_access,Retain identity; replace very short legacy UI instructions with the checked current task. Administration tasks now authored; retain useful detailed source examples until verified for the chosen deployment.
2173,doc_userguide_index,User Guide,https://zotonic.com/id/2173,Editor guide,Root,adopt_root,editor_guide,"Keep identity and /user-guide; rename title, review category conversion and ownership."
2175,doc_reference_index,Reference,https://zotonic.com/id/2175,Reference,Root,retain_and_link,developer_collection_command_reference,Preserve current reference discovery and generated sources; add visible command/config/requirements entrances where needed.
2176,doc_developerguide_directory_structure,Directory structure,https://zotonic.com/id/2176,Developer guide,Applications and modules,merge,developer_workspace;developer_source_directories,Preserve _checkouts and detailed paths; update new app structure.
2259,doc_cookbook_custom_controller,Create a custom controller,https://zotonic.com/id/2259,Recipes,Content and integrations,retain_worked_example,developer_controllers,Keep worked endpoint example distinct from the controller anatomy guide.
2325,,"Security, templates and XSS prevention",https://zotonic.com/id/2325,Developer guide,Templates and page rendering,retain_and_merge,developer_template_values,"Keep detailed XSS examples, validate them; assign a stable name only after resolving this unnamed existing resource."
2410,,CSS classes used in templates,https://zotonic.com/id/2410,Reference,Templates and assets,retain_and_label,,"Unnamed resource: resolve by verified ID, do not invent an existing name. Link from styling tasks."
2695,page_start,Start with Zotonic,https://zotonic.com/id/2695,Guides,Guide chooser,update_navigation,editor_guide;developer_guide,"Keep /start. Add admin_guide, ordered haspart, and adapt the currently hardcoded two-card template."
