bundle,name,file,audience,review_result,related_tasks,references,verification
editor,editor_guide,../editor/index.md,Content editor,Reading order reviewed; contents now rendered from haspart instead of a second Markdown list.,1,0,"Editorial review; runtime coverage is listed in README.md, not implied by this row."
editor,editor_collection_getting_started,../editor/01-getting-started/index.md,Content editor,Reading order reviewed; contents now rendered from haspart instead of a second Markdown list.,0,0,"Editorial review; runtime coverage is listed in README.md, not implied by this row."
editor,editor_introduction,../editor/01-getting-started/introduction.md,Content editor,"Added account recovery, admin-access check, and sign-out guidance.",2,0,"Editorial review; runtime coverage is listed in README.md, not implied by this row."
editor,editor_admin_interface,../editor/01-getting-started/admin-interface.md,Content editor,"Retained: sufficiently bounded for the stated task/concept, with related reading connected in the manifest.",2,0,"Editorial review; runtime coverage is listed in README.md, not implied by this row."
editor,editor_first_page,../editor/01-getting-started/first-page.md,Content editor,Added a concrete completion check and practice-page cleanup.,2,0,"Editorial review; runtime coverage is listed in README.md, not implied by this row."
editor,editor_finding_content,../editor/01-getting-started/finding-content.md,Content editor,"Retained: sufficiently bounded for the stated task/concept, with related reading connected in the manifest.",2,0,"Editorial review; runtime coverage is listed in README.md, not implied by this row."
editor,editor_understanding_content,../editor/01-getting-started/understanding-content.md,Content editor,"Retained: sufficiently bounded for the stated task/concept, with related reading connected in the manifest.",2,0,"Editorial review; runtime coverage is listed in README.md, not implied by this row."
editor,editor_collection_creating_and_editing,../editor/02-creating-and-editing/index.md,Content editor,Reading order reviewed; contents now rendered from haspart instead of a second Markdown list.,0,0,"Editorial review; runtime coverage is listed in README.md, not implied by this row."
editor,editor_creating_page,../editor/02-creating-and-editing/creating-page.md,Content editor,"Retained: sufficiently bounded for the stated task/concept, with related reading connected in the manifest.",3,0,"Editorial review; runtime coverage is listed in README.md, not implied by this row."
editor,editor_editing_page,../editor/02-creating-and-editing/editing-page.md,Content editor,Added recovery when saving fails or concurrent edits occur.,2,0,"Editorial review; runtime coverage is listed in README.md, not implied by this row."
editor,editor_titles_summary_body,../editor/02-creating-and-editing/titles-summary-body.md,Content editor,"Retained: sufficiently bounded for the stated task/concept, with related reading connected in the manifest.",2,0,"Editorial review; runtime coverage is listed in README.md, not implied by this row."
editor,editor_formatting_text,../editor/02-creating-and-editing/formatting-text.md,Content editor,"Retained: sufficiently bounded for the stated task/concept, with related reading connected in the manifest.",2,0,"Editorial review; runtime coverage is listed in README.md, not implied by this row."
editor,editor_adding_links,../editor/02-creating-and-editing/adding-links.md,Content editor,"Retained: sufficiently bounded for the stated task/concept, with related reading connected in the manifest.",2,0,"Editorial review; runtime coverage is listed in README.md, not implied by this row."
editor,editor_content_blocks,../editor/02-creating-and-editing/content-blocks.md,Content editor,"Retained: sufficiently bounded for the stated task/concept, with related reading connected in the manifest.",3,0,"Editorial review; runtime coverage is listed in README.md, not implied by this row."
editor,editor_change_category,../editor/02-creating-and-editing/change-category.md,Content editor,"Retained: sufficiently bounded for the stated task/concept, with related reading connected in the manifest.",2,0,"Editorial review; runtime coverage is listed in README.md, not implied by this row."
editor,editor_duplicate_reuse,../editor/02-creating-and-editing/duplicate-reuse.md,Content editor,"Retained: sufficiently bounded for the stated task/concept, with related reading connected in the manifest.",2,0,"Editorial review; runtime coverage is listed in README.md, not implied by this row."
editor,editor_deleting_content,../editor/02-creating-and-editing/deleting-content.md,Content editor,"Retained: sufficiently bounded for the stated task/concept, with related reading connected in the manifest.",2,0,"Editorial review; runtime coverage is listed in README.md, not implied by this row."
editor,editor_revisions,../editor/02-creating-and-editing/revisions.md,Content editor,"Retained: sufficiently bounded for the stated task/concept, with related reading connected in the manifest.",2,0,"Editorial review; runtime coverage is listed in README.md, not implied by this row."
editor,editor_editorial_notes,../editor/02-creating-and-editing/editorial-notes.md,Content editor,"Retained: sufficiently bounded for the stated task/concept, with related reading connected in the manifest.",2,0,"Editorial review; runtime coverage is listed in README.md, not implied by this row."
editor,editor_collection_publishing,../editor/03-publishing/index.md,Content editor,Reading order reviewed; contents now rendered from haspart instead of a second Markdown list.,0,0,"Editorial review; runtime coverage is listed in README.md, not implied by this row."
editor,editor_publication,../editor/03-publishing/publication.md,Content editor,"Retained: sufficiently bounded for the stated task/concept, with related reading connected in the manifest.",3,0,"Editorial review; runtime coverage is listed in README.md, not implied by this row."
editor,editor_publication_dates,../editor/03-publishing/publication-dates.md,Content editor,"Retained: sufficiently bounded for the stated task/concept, with related reading connected in the manifest.",2,0,"Editorial review; runtime coverage is listed in README.md, not implied by this row."
editor,editor_scheduling,../editor/03-publishing/scheduling.md,Content editor,Added cancellation and rescheduling outcomes.,2,0,"Editorial review; runtime coverage is listed in README.md, not implied by this row."
editor,editor_visibility,../editor/03-publishing/visibility.md,Content editor,"Retained: sufficiently bounded for the stated task/concept, with related reading connected in the manifest.",2,0,"Editorial review; runtime coverage is listed in README.md, not implied by this row."
editor,editor_preview,../editor/03-publishing/preview.md,Content editor,"Retained: sufficiently bounded for the stated task/concept, with related reading connected in the manifest.",2,0,"Editorial review; runtime coverage is listed in README.md, not implied by this row."
editor,editor_remove_from_website,../editor/03-publishing/remove-from-website.md,Content editor,"Retained: sufficiently bounded for the stated task/concept, with related reading connected in the manifest.",3,0,"Editorial review; runtime coverage is listed in README.md, not implied by this row."
editor,editor_noindex_page,../editor/03-publishing/noindex-page.md,Content editor,"Retained: sufficiently bounded for the stated task/concept, with related reading connected in the manifest.",2,0,"Editorial review; runtime coverage is listed in README.md, not implied by this row."
editor,editor_collection_media,../editor/04-media/index.md,Content editor,Reading order reviewed; contents now rendered from haspart instead of a second Markdown list.,0,0,"Editorial review; runtime coverage is listed in README.md, not implied by this row."
editor,editor_working_with_media,../editor/04-media/working-with-media.md,Content editor,"Retained: sufficiently bounded for the stated task/concept, with related reading connected in the manifest.",3,0,"Editorial review; runtime coverage is listed in README.md, not implied by this row."
editor,editor_uploading_image,../editor/04-media/uploading-image.md,Content editor,"Retained: sufficiently bounded for the stated task/concept, with related reading connected in the manifest.",3,0,"Editorial review; runtime coverage is listed in README.md, not implied by this row."
editor,editor_existing_image,../editor/04-media/existing-image.md,Content editor,"Retained: sufficiently bounded for the stated task/concept, with related reading connected in the manifest.",2,0,"Editorial review; runtime coverage is listed in README.md, not implied by this row."
editor,editor_page_image,../editor/04-media/page-image.md,Content editor,"Retained: sufficiently bounded for the stated task/concept, with related reading connected in the manifest.",2,0,"Editorial review; runtime coverage is listed in README.md, not implied by this row."
editor,editor_text_images,../editor/04-media/text-images.md,Content editor,"Retained: sufficiently bounded for the stated task/concept, with related reading connected in the manifest.",2,0,"Editorial review; runtime coverage is listed in README.md, not implied by this row."
editor,editor_captions_alignment,../editor/04-media/captions-alignment.md,Content editor,"Retained: sufficiently bounded for the stated task/concept, with related reading connected in the manifest.",2,0,"Editorial review; runtime coverage is listed in README.md, not implied by this row."
editor,editor_replace_media,../editor/04-media/replace-media.md,Content editor,"Retained: sufficiently bounded for the stated task/concept, with related reading connected in the manifest.",2,0,"Editorial review; runtime coverage is listed in README.md, not implied by this row."
editor,editor_uploading_documents,../editor/04-media/uploading-documents.md,Content editor,Added download/version/accessibility checks readers can perform.,2,0,"Editorial review; runtime coverage is listed in README.md, not implied by this row."
editor,editor_video_embeds,../editor/04-media/video-embeds.md,Content editor,"Retained: sufficiently bounded for the stated task/concept, with related reading connected in the manifest.",2,0,"Editorial review; runtime coverage is listed in README.md, not implied by this row."
editor,editor_finding_media,../editor/04-media/finding-media.md,Content editor,"Retained: sufficiently bounded for the stated task/concept, with related reading connected in the manifest.",2,0,"Editorial review; runtime coverage is listed in README.md, not implied by this row."
editor,editor_removing_media,../editor/04-media/removing-media.md,Content editor,"Retained: sufficiently bounded for the stated task/concept, with related reading connected in the manifest.",2,0,"Editorial review; runtime coverage is listed in README.md, not implied by this row."
editor,editor_image_accessibility,../editor/04-media/image-accessibility.md,Content editor,"Added concrete guidance for charts, linked images, and verification.",2,0,"Editorial review; runtime coverage is listed in README.md, not implied by this row."
editor,editor_collection_organizing_content,../editor/05-organizing-content/index.md,Content editor,Reading order reviewed; contents now rendered from haspart instead of a second Markdown list.,0,0,"Editorial review; runtime coverage is listed in README.md, not implied by this row."
editor,editor_organizing_overview,../editor/05-organizing-content/organizing-overview.md,Content editor,"Retained: sufficiently bounded for the stated task/concept, with related reading connected in the manifest.",3,0,"Editorial review; runtime coverage is listed in README.md, not implied by this row."
editor,editor_categories,../editor/05-organizing-content/categories.md,Content editor,"Retained: sufficiently bounded for the stated task/concept, with related reading connected in the manifest.",3,0,"Editorial review; runtime coverage is listed in README.md, not implied by this row."
editor,editor_keywords,../editor/05-organizing-content/keywords.md,Content editor,"Retained: sufficiently bounded for the stated task/concept, with related reading connected in the manifest.",2,0,"Editorial review; runtime coverage is listed in README.md, not implied by this row."
editor,editor_connecting_pages,../editor/05-organizing-content/connecting-pages.md,Content editor,Explained correction and avoided accidental reverse-edge duplication.,2,0,"Editorial review; runtime coverage is listed in README.md, not implied by this row."
editor,editor_featured_related,../editor/05-organizing-content/featured-related.md,Content editor,"Retained: sufficiently bounded for the stated task/concept, with related reading connected in the manifest.",3,0,"Editorial review; runtime coverage is listed in README.md, not implied by this row."
editor,editor_collections,../editor/05-organizing-content/collections.md,Content editor,"Added removal, persistence, and nested-collection checks.",2,0,"Editorial review; runtime coverage is listed in README.md, not implied by this row."
editor,editor_content_order,../editor/05-organizing-content/content-order.md,Content editor,"Retained: sufficiently bounded for the stated task/concept, with related reading connected in the manifest.",2,0,"Editorial review; runtime coverage is listed in README.md, not implied by this row."
editor,editor_relationships,../editor/05-organizing-content/relationships.md,Content editor,"Retained: sufficiently bounded for the stated task/concept, with related reading connected in the manifest.",2,0,"Editorial review; runtime coverage is listed in README.md, not implied by this row."
editor,editor_collection_menus_and_navigation,../editor/06-menus-and-navigation/index.md,Content editor,Reading order reviewed; contents now rendered from haspart instead of a second Markdown list.,0,0,"Editorial review; runtime coverage is listed in README.md, not implied by this row."
editor,editor_editing_menus,../editor/06-menus-and-navigation/editing-menus.md,Content editor,"Retained: sufficiently bounded for the stated task/concept, with related reading connected in the manifest.",2,0,"Editorial review; runtime coverage is listed in README.md, not implied by this row."
editor,editor_add_menu_page,../editor/06-menus-and-navigation/add-menu-page.md,Content editor,"Retained: sufficiently bounded for the stated task/concept, with related reading connected in the manifest.",2,0,"Editorial review; runtime coverage is listed in README.md, not implied by this row."
editor,editor_moving_menu_items,../editor/06-menus-and-navigation/moving-menu-items.md,Content editor,"Retained: sufficiently bounded for the stated task/concept, with related reading connected in the manifest.",2,0,"Editorial review; runtime coverage is listed in README.md, not implied by this row."
editor,editor_submenus,../editor/06-menus-and-navigation/submenus.md,Content editor,"Retained: sufficiently bounded for the stated task/concept, with related reading connected in the manifest.",2,0,"Editorial review; runtime coverage is listed in README.md, not implied by this row."
editor,editor_remove_menu_item,../editor/06-menus-and-navigation/remove-menu-item.md,Content editor,"Retained: sufficiently bounded for the stated task/concept, with related reading connected in the manifest.",2,0,"Editorial review; runtime coverage is listed in README.md, not implied by this row."
editor,editor_multiple_menus,../editor/06-menus-and-navigation/multiple-menus.md,Content editor,"Retained: sufficiently bounded for the stated task/concept, with related reading connected in the manifest.",2,0,"Editorial review; runtime coverage is listed in README.md, not implied by this row."
editor,editor_collection_languages_and_translations,../editor/07-languages-and-translations/index.md,Content editor,Reading order reviewed; contents now rendered from haspart instead of a second Markdown list.,0,0,"Editorial review; runtime coverage is listed in README.md, not implied by this row."
editor,editor_multilingual_content,../editor/07-languages-and-translations/multilingual-content.md,Content editor,"Retained: sufficiently bounded for the stated task/concept, with related reading connected in the manifest.",2,0,"Editorial review; runtime coverage is listed in README.md, not implied by this row."
editor,editor_translating_page,../editor/07-languages-and-translations/translating-page.md,Content editor,Clarified live translation review and shared-field effects.,2,0,"Editorial review; runtime coverage is listed in README.md, not implied by this row."
editor,editor_page_languages,../editor/07-languages-and-translations/page-languages.md,Content editor,"Retained: sufficiently bounded for the stated task/concept, with related reading connected in the manifest.",2,0,"Editorial review; runtime coverage is listed in README.md, not implied by this row."
editor,editor_add_remove_translation,../editor/07-languages-and-translations/add-remove-translation.md,Content editor,"Retained: sufficiently bounded for the stated task/concept, with related reading connected in the manifest.",2,0,"Editorial review; runtime coverage is listed in README.md, not implied by this row."
editor,editor_copy_language,../editor/07-languages-and-translations/copy-language.md,Content editor,"Retained: sufficiently bounded for the stated task/concept, with related reading connected in the manifest.",2,0,"Editorial review; runtime coverage is listed in README.md, not implied by this row."
editor,editor_missing_translations,../editor/07-languages-and-translations/missing-translations.md,Content editor,"Retained: sufficiently bounded for the stated task/concept, with related reading connected in the manifest.",2,0,"Editorial review; runtime coverage is listed in README.md, not implied by this row."
editor,editor_language_urls,../editor/07-languages-and-translations/language-urls.md,Content editor,"Retained: sufficiently bounded for the stated task/concept, with related reading connected in the manifest.",2,0,"Editorial review; runtime coverage is listed in README.md, not implied by this row."
editor,editor_collection_people_and_access,../editor/08-people-and-access/index.md,Content editor,Reading order reviewed; contents now rendered from haspart instead of a second Markdown list.,0,0,"Editorial review; runtime coverage is listed in README.md, not implied by this row."
editor,editor_users_editors,../editor/08-people-and-access/users-editors.md,Content editor,"Retained: sufficiently bounded for the stated task/concept, with related reading connected in the manifest.",2,0,"Editorial review; runtime coverage is listed in README.md, not implied by this row."
editor,editor_creating_user,../editor/08-people-and-access/creating-user.md,Site administrator,Made the audience and permission acceptance checks explicit.,4,0,"Editorial review; runtime coverage is listed in README.md, not implied by this row."
editor,editor_permissions,../editor/08-people-and-access/permissions.md,Content editor,"Retained: sufficiently bounded for the stated task/concept, with related reading connected in the manifest.",2,0,"Editorial review; runtime coverage is listed in README.md, not implied by this row."
editor,editor_cannot_edit,../editor/08-people-and-access/cannot-edit.md,Content editor,"Retained: sufficiently bounded for the stated task/concept, with related reading connected in the manifest.",2,0,"Editorial review; runtime coverage is listed in README.md, not implied by this row."
editor,editor_ownership,../editor/08-people-and-access/ownership.md,Content editor,"Retained: sufficiently bounded for the stated task/concept, with related reading connected in the manifest.",2,0,"Editorial review; runtime coverage is listed in README.md, not implied by this row."
editor,editor_collaboration,../editor/08-people-and-access/collaboration.md,Content editor,"Retained: sufficiently bounded for the stated task/concept, with related reading connected in the manifest.",2,0,"Editorial review; runtime coverage is listed in README.md, not implied by this row."
editor,editor_upload_restrictions,../editor/08-people-and-access/upload-restrictions.md,Content editor,"Retained: sufficiently bounded for the stated task/concept, with related reading connected in the manifest.",3,0,"Editorial review; runtime coverage is listed in README.md, not implied by this row."
editor,editor_collection_mailing_lists,../editor/09-mailing-lists/index.md,Content editor,Reading order reviewed; contents now rendered from haspart instead of a second Markdown list.,0,0,"Editorial review; runtime coverage is listed in README.md, not implied by this row."
editor,editor_mailing_lists,../editor/09-mailing-lists/mailing-lists.md,Content editor,"Retained: sufficiently bounded for the stated task/concept, with related reading connected in the manifest.",3,0,"Editorial review; runtime coverage is listed in README.md, not implied by this row."
editor,editor_managing_recipients,../editor/09-mailing-lists/managing-recipients.md,Content editor,"Retained: sufficiently bounded for the stated task/concept, with related reading connected in the manifest.",2,0,"Editorial review; runtime coverage is listed in README.md, not implied by this row."
editor,editor_creating_mailing,../editor/09-mailing-lists/creating-mailing.md,Content editor,"Retained: sufficiently bounded for the stated task/concept, with related reading connected in the manifest.",2,0,"Editorial review; runtime coverage is listed in README.md, not implied by this row."
editor,editor_test_mailing,../editor/09-mailing-lists/test-mailing.md,Content editor,"Retained: sufficiently bounded for the stated task/concept, with related reading connected in the manifest.",2,0,"Editorial review; runtime coverage is listed in README.md, not implied by this row."
editor,editor_sending_mailing,../editor/09-mailing-lists/sending-mailing.md,Content editor,"Retained: sufficiently bounded for the stated task/concept, with related reading connected in the manifest.",3,0,"Editorial review; runtime coverage is listed in README.md, not implied by this row."
editor,editor_schedule_mailing,../editor/09-mailing-lists/schedule-mailing.md,Content editor,Added confirmation and in-progress cancellation boundary.,2,0,"Editorial review; runtime coverage is listed in README.md, not implied by this row."
editor,editor_mailing_status,../editor/09-mailing-lists/mailing-status.md,Content editor,"Retained: sufficiently bounded for the stated task/concept, with related reading connected in the manifest.",2,0,"Editorial review; runtime coverage is listed in README.md, not implied by this row."
editor,editor_recipient_import_export,../editor/09-mailing-lists/recipient-import-export.md,Content editor,Added small-batch verification and replacement/export limitations.,2,0,"Editorial review; runtime coverage is listed in README.md, not implied by this row."
editor,editor_collection_seo_and_sharing,../editor/11-seo-and-sharing/index.md,Content editor,Reading order reviewed; contents now rendered from haspart instead of a second Markdown list.,0,0,"Editorial review; runtime coverage is listed in README.md, not implied by this row."
editor,editor_seo_basics,../editor/11-seo-and-sharing/seo-basics.md,Content editor,"Retained: sufficiently bounded for the stated task/concept, with related reading connected in the manifest.",3,0,"Editorial review; runtime coverage is listed in README.md, not implied by this row."
editor,editor_seo_titles,../editor/11-seo-and-sharing/seo-titles.md,Content editor,"Retained: sufficiently bounded for the stated task/concept, with related reading connected in the manifest.",2,0,"Editorial review; runtime coverage is listed in README.md, not implied by this row."
editor,editor_search_visibility,../editor/11-seo-and-sharing/search-visibility.md,Content editor,"Retained: sufficiently bounded for the stated task/concept, with related reading connected in the manifest.",3,0,"Editorial review; runtime coverage is listed in README.md, not implied by this row."
editor,editor_social_sharing,../editor/11-seo-and-sharing/social-sharing.md,Content editor,"Retained: sufficiently bounded for the stated task/concept, with related reading connected in the manifest.",3,0,"Editorial review; runtime coverage is listed in README.md, not implied by this row."
editor,editor_urls,../editor/11-seo-and-sharing/urls.md,Content editor,"Retained: sufficiently bounded for the stated task/concept, with related reading connected in the manifest.",2,0,"Editorial review; runtime coverage is listed in README.md, not implied by this row."
editor,editor_redirects,../editor/11-seo-and-sharing/redirects.md,Content editor,"Retained: sufficiently bounded for the stated task/concept, with related reading connected in the manifest.",3,0,"Editorial review; runtime coverage is listed in README.md, not implied by this row."
editor,editor_collection_troubleshooting,../editor/12-troubleshooting/index.md,Content editor,Reading order reviewed; contents now rendered from haspart instead of a second Markdown list.,1,0,"Editorial review; runtime coverage is listed in README.md, not implied by this row."
editor,editor_changes_not_visible,../editor/12-troubleshooting/changes-not-visible.md,Content editor,"Retained: sufficiently bounded for the stated task/concept, with related reading connected in the manifest.",3,0,"Editorial review; runtime coverage is listed in README.md, not implied by this row."
editor,editor_cannot_find,../editor/12-troubleshooting/cannot-find.md,Content editor,"Retained: sufficiently bounded for the stated task/concept, with related reading connected in the manifest.",2,0,"Editorial review; runtime coverage is listed in README.md, not implied by this row."
editor,editor_not_published,../editor/12-troubleshooting/not-published.md,Content editor,"Retained: sufficiently bounded for the stated task/concept, with related reading connected in the manifest.",3,0,"Editorial review; runtime coverage is listed in README.md, not implied by this row."
editor,editor_image_not_showing,../editor/12-troubleshooting/image-not-showing.md,Content editor,"Retained: sufficiently bounded for the stated task/concept, with related reading connected in the manifest.",3,0,"Editorial review; runtime coverage is listed in README.md, not implied by this row."
editor,editor_wrong_image,../editor/12-troubleshooting/wrong-image.md,Content editor,"Retained: sufficiently bounded for the stated task/concept, with related reading connected in the manifest.",3,0,"Editorial review; runtime coverage is listed in README.md, not implied by this row."
editor,editor_old_language,../editor/12-troubleshooting/old-language.md,Content editor,"Retained: sufficiently bounded for the stated task/concept, with related reading connected in the manifest.",2,0,"Editorial review; runtime coverage is listed in README.md, not implied by this row."
editor,editor_not_in_menu,../editor/12-troubleshooting/not-in-menu.md,Content editor,"Retained: sufficiently bounded for the stated task/concept, with related reading connected in the manifest.",3,0,"Editorial review; runtime coverage is listed in README.md, not implied by this row."
editor,editor_accidental_change,../editor/12-troubleshooting/accidental-change.md,Content editor,"Retained: sufficiently bounded for the stated task/concept, with related reading connected in the manifest.",2,0,"Editorial review; runtime coverage is listed in README.md, not implied by this row."
editor,editor_broken_link,../editor/12-troubleshooting/broken-link.md,Content editor,"Retained: sufficiently bounded for the stated task/concept, with related reading connected in the manifest.",3,0,"Editorial review; runtime coverage is listed in README.md, not implied by this row."
editor,editor_collection_understanding_zotonic,../editor/13-understanding-zotonic/index.md,Content editor,Reading order reviewed; contents now rendered from haspart instead of a second Markdown list.,0,0,"Editorial review; runtime coverage is listed in README.md, not implied by this row."
editor,editor_pages_resources,../editor/13-understanding-zotonic/pages-resources.md,Content editor,"Retained: sufficiently bounded for the stated task/concept, with related reading connected in the manifest.",2,1,"Editorial review; runtime coverage is listed in README.md, not implied by this row."
editor,editor_categories_concept,../editor/13-understanding-zotonic/categories-concept.md,Content editor,"Retained: sufficiently bounded for the stated task/concept, with related reading connected in the manifest.",3,1,"Editorial review; runtime coverage is listed in README.md, not implied by this row."
editor,editor_connections_concept,../editor/13-understanding-zotonic/connections-concept.md,Content editor,"Retained: sufficiently bounded for the stated task/concept, with related reading connected in the manifest.",3,1,"Editorial review; runtime coverage is listed in README.md, not implied by this row."
editor,editor_media_depictions,../editor/13-understanding-zotonic/media-depictions.md,Content editor,"Retained: sufficiently bounded for the stated task/concept, with related reading connected in the manifest.",4,1,"Editorial review; runtime coverage is listed in README.md, not implied by this row."
editor,editor_menus_collections,../editor/13-understanding-zotonic/menus-collections.md,Content editor,"Retained: sufficiently bounded for the stated task/concept, with related reading connected in the manifest.",2,0,"Editorial review; runtime coverage is listed in README.md, not implied by this row."
editor,editor_languages_concept,../editor/13-understanding-zotonic/languages-concept.md,Content editor,"Retained: sufficiently bounded for the stated task/concept, with related reading connected in the manifest.",2,1,"Editorial review; runtime coverage is listed in README.md, not implied by this row."
editor,editor_publication_concept,../editor/13-understanding-zotonic/publication-concept.md,Content editor,"Retained: sufficiently bounded for the stated task/concept, with related reading connected in the manifest.",3,0,"Editorial review; runtime coverage is listed in README.md, not implied by this row."
developer,developer_guide,../developer/index.md,Site/application developer,Reading order reviewed; contents now rendered from haspart instead of a second Markdown list.,1,0,"Editorial review; runtime coverage is listed in README.md, not implied by this row."
developer,developer_collection_getting_started,../developer/01-getting-started/index.md,Site/application developer,"Rewritten as a first-run installation path with explicit commands, expected outcomes, and next steps.",0,0,Source and package-documentation checks; see installation-review.md. Fresh installation not executed.
developer,developer_local_environment,../developer/01-getting-started/local-environment.md,Site/application developer,"Rewritten as a first-run installation path with explicit commands, expected outcomes, and next steps.",6,0,Source and package-documentation checks; see installation-review.md. Fresh installation not executed.
developer,developer_build_start,../developer/01-getting-started/build-start.md,Site/application developer,"Rewritten as a first-run installation path with explicit commands, expected outcomes, and next steps.",2,0,Source and package-documentation checks; see installation-review.md. Fresh installation not executed.
developer,developer_create_site,../developer/01-getting-started/create-site.md,Site/application developer,"Rewritten as a first-run installation path with explicit commands, expected outcomes, and next steps.",2,0,Source and package-documentation checks; see installation-review.md. Fresh installation not executed.
developer,developer_status_and_admin,../developer/01-getting-started/status-and-admin.md,Site/application developer,"Retained: sufficiently bounded for the stated task/concept, with related reading connected in the manifest.",0,0,"Editorial review; runtime coverage is listed in README.md, not implied by this row."
developer,developer_first_template_change,../developer/01-getting-started/first-template-change.md,Site/application developer,"Rewritten as a first-run installation path with explicit commands, expected outcomes, and next steps.",0,0,Source and package-documentation checks; see installation-review.md. Fresh installation not executed.
developer,developer_first_dynamic_page,../developer/01-getting-started/first-dynamic-page.md,Site/application developer,Specified the missing dispatch filename and expected diagnostic result.,0,0,"Editorial review; runtime coverage is listed in README.md, not implied by this row."
developer,developer_development_cycle,../developer/01-getting-started/development-cycle.md,Site/application developer,"Retained: sufficiently bounded for the stated task/concept, with related reading connected in the manifest.",3,0,"Editorial review; runtime coverage is listed in README.md, not implied by this row."
developer,developer_collection_applications,../developer/02-applications/index.md,Site/application developer,Reading order reviewed; contents now rendered from haspart instead of a second Markdown list.,0,0,"Editorial review; runtime coverage is listed in README.md, not implied by this row."
developer,developer_workspace,../developer/02-applications/workspace.md,Site/application developer,"Retained: sufficiently bounded for the stated task/concept, with related reading connected in the manifest.",2,0,"Editorial review; runtime coverage is listed in README.md, not implied by this row."
developer,developer_application_identities,../developer/02-applications/application-identities.md,Site/application developer,"Retained: sufficiently bounded for the stated task/concept, with related reading connected in the manifest.",0,0,"Editorial review; runtime coverage is listed in README.md, not implied by this row."
developer,developer_site_anatomy,../developer/02-applications/site-anatomy.md,Site/application developer,"Retained: sufficiently bounded for the stated task/concept, with related reading connected in the manifest.",0,0,"Editorial review; runtime coverage is listed in README.md, not implied by this row."
developer,developer_module_anatomy,../developer/02-applications/module-anatomy.md,Site/application developer,"Retained: sufficiently bounded for the stated task/concept, with related reading connected in the manifest.",0,0,"Editorial review; runtime coverage is listed in README.md, not implied by this row."
developer,developer_naming,../developer/02-applications/naming.md,Site/application developer,"Retained: sufficiently bounded for the stated task/concept, with related reading connected in the manifest.",2,0,"Editorial review; runtime coverage is listed in README.md, not implied by this row."
developer,developer_source_directories,../developer/02-applications/source-directories.md,Site/application developer,"Retained: sufficiently bounded for the stated task/concept, with related reading connected in the manifest.",2,0,"Editorial review; runtime coverage is listed in README.md, not implied by this row."
developer,developer_site_configuration,../developer/02-applications/site-configuration.md,Site/application developer,"Retained: sufficiently bounded for the stated task/concept, with related reading connected in the manifest.",2,0,"Editorial review; runtime coverage is listed in README.md, not implied by this row."
developer,developer_module_priority,../developer/02-applications/module-priority.md,Site/application developer,"Retained: sufficiently bounded for the stated task/concept, with related reading connected in the manifest.",2,0,"Editorial review; runtime coverage is listed in README.md, not implied by this row."
developer,developer_module_discovery,../developer/02-applications/module-discovery.md,Site/application developer,"Retained: sufficiently bounded for the stated task/concept, with related reading connected in the manifest.",2,0,"Editorial review; runtime coverage is listed in README.md, not implied by this row."
developer,developer_startup_activation,../developer/02-applications/startup-activation.md,Site/application developer,"Retained: sufficiently bounded for the stated task/concept, with related reading connected in the manifest.",0,0,"Editorial review; runtime coverage is listed in README.md, not implied by this row."
developer,developer_runtime_storage,../developer/02-applications/runtime-storage.md,Site/application developer,"Retained: sufficiently bounded for the stated task/concept, with related reading connected in the manifest.",2,1,"Editorial review; runtime coverage is listed in README.md, not implied by this row."
developer,developer_collection_command_line_workflows,../developer/03-command-line-workflows/index.md,Site/application developer,Reading order reviewed; contents now rendered from haspart instead of a second Markdown list.,0,0,"Editorial review; runtime coverage is listed in README.md, not implied by this row."
developer,developer_cli_help,../developer/03-command-line-workflows/cli-help.md,Site/application developer,"Retained: sufficiently bounded for the stated task/concept, with related reading connected in the manifest.",0,0,"Editorial review; runtime coverage is listed in README.md, not implied by this row."
developer,developer_startup_modes,../developer/03-command-line-workflows/startup-modes.md,Site/application developer,"Retained: sufficiently bounded for the stated task/concept, with related reading connected in the manifest.",0,0,"Editorial review; runtime coverage is listed in README.md, not implied by this row."
developer,developer_running_sites,../developer/03-command-line-workflows/running-sites.md,Site/application developer,"Retained: sufficiently bounded for the stated task/concept, with related reading connected in the manifest.",2,0,"Editorial review; runtime coverage is listed in README.md, not implied by this row."
developer,developer_site_lifecycle,../developer/03-command-line-workflows/site-lifecycle.md,Site/application developer,"Retained: sufficiently bounded for the stated task/concept, with related reading connected in the manifest.",0,0,"Editorial review; runtime coverage is listed in README.md, not implied by this row."
developer,developer_shell_connect,../developer/03-command-line-workflows/shell-connect.md,Site/application developer,"Retained: sufficiently bounded for the stated task/concept, with related reading connected in the manifest.",0,0,"Editorial review; runtime coverage is listed in README.md, not implied by this row."
developer,developer_shell_data,../developer/03-command-line-workflows/shell-data.md,Site/application developer,"Retained: sufficiently bounded for the stated task/concept, with related reading connected in the manifest.",0,3,"Editorial review; runtime coverage is listed in README.md, not implied by this row."
developer,developer_compile_load,../developer/03-command-line-workflows/compile-load.md,Site/application developer,"Retained: sufficiently bounded for the stated task/concept, with related reading connected in the manifest.",0,0,"Editorial review; runtime coverage is listed in README.md, not implied by this row."
developer,developer_automatic_rebuild,../developer/03-command-line-workflows/automatic-rebuild.md,Site/application developer,"Retained: sufficiently bounded for the stated task/concept, with related reading connected in the manifest.",0,0,"Editorial review; runtime coverage is listed in README.md, not implied by this row."
developer,developer_inspect_configuration,../developer/03-command-line-workflows/inspect-configuration.md,Site/application developer,"Retained: sufficiently bounded for the stated task/concept, with related reading connected in the manifest.",0,0,"Editorial review; runtime coverage is listed in README.md, not implied by this row."
developer,developer_cli_dispatch,../developer/03-command-line-workflows/cli-dispatch.md,Site/application developer,"Retained: sufficiently bounded for the stated task/concept, with related reading connected in the manifest.",0,0,"Editorial review; runtime coverage is listed in README.md, not implied by this row."
developer,developer_logs_processes,../developer/03-command-line-workflows/logs-processes.md,Site/application developer,"Retained: sufficiently bounded for the stated task/concept, with related reading connected in the manifest.",0,0,"Editorial review; runtime coverage is listed in README.md, not implied by this row."
developer,developer_database_shell,../developer/03-command-line-workflows/database-shell.md,Site/application developer,"Retained: sufficiently bounded for the stated task/concept, with related reading connected in the manifest.",2,0,"Editorial review; runtime coverage is listed in README.md, not implied by this row."
developer,developer_cli_tests,../developer/03-command-line-workflows/cli-tests.md,Site/application developer,"Retained: sufficiently bounded for the stated task/concept, with related reading connected in the manifest.",3,0,"Editorial review; runtime coverage is listed in README.md, not implied by this row."
developer,developer_cli_translations,../developer/03-command-line-workflows/cli-translations.md,Site/application developer,"Retained: sufficiently bounded for the stated task/concept, with related reading connected in the manifest.",0,0,"Editorial review; runtime coverage is listed in README.md, not implied by this row."
developer,developer_cli_backups,../developer/03-command-line-workflows/cli-backups.md,Site/application developer,"Retained: sufficiently bounded for the stated task/concept, with related reading connected in the manifest.",0,0,"Editorial review; runtime coverage is listed in README.md, not implied by this row."
developer,developer_collection_templates,../developer/04-templates/index.md,Site/application developer,Reading order reviewed; contents now rendered from haspart instead of a second Markdown list.,0,0,"Editorial review; runtime coverage is listed in README.md, not implied by this row."
developer,developer_request_path,../developer/04-templates/request-path.md,Site/application developer,"Retained: sufficiently bounded for the stated task/concept, with related reading connected in the manifest.",2,0,"Editorial review; runtime coverage is listed in README.md, not implied by this row."
developer,developer_template_selection,../developer/04-templates/template-selection.md,Site/application developer,"Retained: sufficiently bounded for the stated task/concept, with related reading connected in the manifest.",3,1,"Editorial review; runtime coverage is listed in README.md, not implied by this row."
developer,developer_template_layout,../developer/04-templates/template-layout.md,Site/application developer,Made required base hooks and script flush concrete.,1,3,"Editorial review; runtime coverage is listed in README.md, not implied by this row."
developer,developer_template_components,../developer/04-templates/template-components.md,Site/application developer,Added actual category-variant filenames and fallback check.,0,2,"Editorial review; runtime coverage is listed in README.md, not implied by this row."
developer,developer_template_overrides,../developer/04-templates/template-overrides.md,Site/application developer,Added a minimal overrules/inherit example and admin override consequence.,2,1,"Editorial review; runtime coverage is listed in README.md, not implied by this row."
developer,developer_resource_links,../developer/04-templates/resource-links.md,Site/application developer,"Retained: sufficiently bounded for the stated task/concept, with related reading connected in the manifest.",1,2,"Editorial review; runtime coverage is listed in README.md, not implied by this row."
developer,developer_template_values,../developer/04-templates/template-values.md,Site/application developer,"Retained: sufficiently bounded for the stated task/concept, with related reading connected in the manifest.",0,1,"Editorial review; runtime coverage is listed in README.md, not implied by this row."
developer,developer_template_media,../developer/04-templates/template-media.md,Site/application developer,"Retained: sufficiently bounded for the stated task/concept, with related reading connected in the manifest.",1,2,"Editorial review; runtime coverage is listed in README.md, not implied by this row."
developer,developer_template_translations,../developer/04-templates/template-translations.md,Site/application developer,"Retained: sufficiently bounded for the stated task/concept, with related reading connected in the manifest.",2,1,"Editorial review; runtime coverage is listed in README.md, not implied by this row."
developer,developer_template_cache,../developer/04-templates/template-cache.md,Site/application developer,Added a concrete cache key/dependency example.,0,1,"Editorial review; runtime coverage is listed in README.md, not implied by this row."
developer,developer_asset_build,../developer/04-templates/asset-build.md,Site/application developer,Added the simplest working asset path and check.,0,1,"Editorial review; runtime coverage is listed in README.md, not implied by this row."
developer,developer_collection_content_data,../developer/05-content-data/index.md,Site/application developer,Reading order reviewed; contents now rendered from haspart instead of a second Markdown list.,0,0,"Editorial review; runtime coverage is listed in README.md, not implied by this row."
developer,developer_site_context,../developer/05-content-data/site-context.md,Site/application developer,"Retained: sufficiently bounded for the stated task/concept, with related reading connected in the manifest.",0,0,"Editorial review; runtime coverage is listed in README.md, not implied by this row."
developer,developer_resource_identifiers,../developer/05-content-data/resource-identifiers.md,Site/application developer,"Retained: sufficiently bounded for the stated task/concept, with related reading connected in the manifest.",0,1,"Editorial review; runtime coverage is listed in README.md, not implied by this row."
developer,developer_resource_properties,../developer/05-content-data/resource-properties.md,Site/application developer,Replaced abstract advice with read/update/results example and context prerequisite.,3,1,"Editorial review; runtime coverage is listed in README.md, not implied by this row."
developer,developer_categories_predicates,../developer/05-content-data/categories-predicates.md,Site/application developer,"Retained: sufficiently bounded for the stated task/concept, with related reading connected in the manifest.",1,2,"Editorial review; runtime coverage is listed in README.md, not implied by this row."
developer,developer_content_edges,../developer/05-content-data/content-edges.md,Site/application developer,"Added insertion, predicate semantics, and destructive ordering semantics.",2,1,"Editorial review; runtime coverage is listed in README.md, not implied by this row."
developer,developer_content_search,../developer/05-content-data/content-search.md,Site/application developer,Added bounded search example and concrete next step for pagination.,0,2,"Editorial review; runtime coverage is listed in README.md, not implied by this row."
developer,developer_media_data,../developer/05-content-data/media-data.md,Site/application developer,"Retained: sufficiently bounded for the stated task/concept, with related reading connected in the manifest.",0,1,"Editorial review; runtime coverage is listed in README.md, not implied by this row."
developer,developer_datamodel_fixtures,../developer/05-content-data/datamodel-fixtures.md,Site/application developer,Added a complete installation fixture and lifecycle verification.,3,0,"Editorial review; runtime coverage is listed in README.md, not implied by this row."
developer,developer_access_control,../developer/05-content-data/access-control.md,Site/application developer,"Retained: sufficiently bounded for the stated task/concept, with related reading connected in the manifest.",3,1,"Editorial review; runtime coverage is listed in README.md, not implied by this row."
developer,developer_database_queries,../developer/05-content-data/database-queries.md,Site/application developer,"Retained: sufficiently bounded for the stated task/concept, with related reading connected in the manifest.",3,0,"Editorial review; runtime coverage is listed in README.md, not implied by this row."
developer,developer_import_export,../developer/05-content-data/import-export.md,Site/application developer,"Retained: sufficiently bounded for the stated task/concept, with related reading connected in the manifest.",1,0,"Editorial review; runtime coverage is listed in README.md, not implied by this row."
developer,developer_collection_reusable_functionality,../developer/06-reusable-functionality/index.md,Site/application developer,Reading order reviewed; contents now rendered from haspart instead of a second Markdown list.,0,0,"Editorial review; runtime coverage is listed in README.md, not implied by this row."
developer,developer_create_module,../developer/06-reusable-functionality/create-module.md,Site/application developer,"Retained: sufficiently bounded for the stated task/concept, with related reading connected in the manifest.",3,0,"Editorial review; runtime coverage is listed in README.md, not implied by this row."
developer,developer_extension_points,../developer/06-reusable-functionality/extension-points.md,Site/application developer,"Retained: sufficiently bounded for the stated task/concept, with related reading connected in the manifest.",4,0,"Editorial review; runtime coverage is listed in README.md, not implied by this row."
developer,developer_model_api,../developer/06-reusable-functionality/model-api.md,Site/application developer,"Retained: sufficiently bounded for the stated task/concept, with related reading connected in the manifest.",3,0,"Editorial review; runtime coverage is listed in README.md, not implied by this row."
developer,developer_controllers,../developer/06-reusable-functionality/controllers.md,Site/application developer,"Added complete public controller, route, expected response and scope.",3,2,"Editorial review; runtime coverage is listed in README.md, not implied by this row."
developer,developer_observers,../developer/06-reusable-functionality/observers.md,Site/application developer,Added concrete observer plus lifecycle and recursion guidance.,2,2,"Editorial review; runtime coverage is listed in README.md, not implied by this row."
developer,developer_template_extensions,../developer/06-reusable-functionality/template-extensions.md,Site/application developer,Added complete filter and current scomp behaviour reference.,3,1,"Editorial review; runtime coverage is listed in README.md, not implied by this row."
developer,developer_schema_upgrades,../developer/06-reusable-functionality/schema-upgrades.md,Site/application developer,"Explained version progression, callback clauses and activation trigger.",3,0,"Editorial review; runtime coverage is listed in README.md, not implied by this row."
developer,developer_background_work,../developer/06-reusable-functionality/background-work.md,Site/application developer,Replaced unnamed task mechanism with queue API and completion/retry contract.,3,0,"Editorial review; runtime coverage is listed in README.md, not implied by this row."
developer,developer_collection_browser_apis,../developer/07-browser-apis/index.md,Site/application developer,Reading order reviewed; contents now rendered from haspart instead of a second Markdown list.,0,0,"Editorial review; runtime coverage is listed in README.md, not implied by this row."
developer,developer_browser_events,../developer/07-browser-apis/browser-events.md,Site/application developer,Added wire prerequisites and observable outcome.,2,1,"Editorial review; runtime coverage is listed in README.md, not implied by this row."
developer,developer_postback_handlers,../developer/07-browser-apis/postback-handlers.md,Site/application developer,"Added matching wire/delegate/event example, checked tagged tuple contract and prerequisites.",3,0,"Editorial review; runtime coverage is listed in README.md, not implied by this row."
developer,developer_forms_validation,../developer/07-browser-apis/forms-validation.md,Site/application developer,Added complete validated form and matching submit callback; checked tuple message contract.,2,1,"Editorial review; runtime coverage is listed in README.md, not implied by this row."
developer,developer_browser_messaging,../developer/07-browser-apis/browser-messaging.md,Site/application developer,Added first MQTT model call and browser/server distinction.,3,2,"Editorial review; runtime coverage is listed in README.md, not implied by this row."
developer,developer_http_api,../developer/07-browser-apis/http-api.md,Site/application developer,"Added discoverable API URL, expected envelope and error check.",0,2,"Editorial review; runtime coverage is listed in README.md, not implied by this row."
developer,developer_browser_debugging,../developer/07-browser-apis/browser-debugging.md,Site/application developer,"Retained: sufficiently bounded for the stated task/concept, with related reading connected in the manifest.",0,0,"Editorial review; runtime coverage is listed in README.md, not implied by this row."
developer,developer_collection_development_tools,../developer/08-development-tools/index.md,Site/application developer,Reading order reviewed; contents now rendered from haspart instead of a second Markdown list.,0,0,"Editorial review; runtime coverage is listed in README.md, not implied by this row."
developer,developer_development_tools_overview,../developer/08-development-tools/development-tools-overview.md,Site/application developer,"Retained: sufficiently bounded for the stated task/concept, with related reading connected in the manifest.",0,0,"Editorial review; runtime coverage is listed in README.md, not implied by this row."
developer,developer_enable_development,../developer/08-development-tools/enable-development.md,Site/application developer,"Retained: sufficiently bounded for the stated task/concept, with related reading connected in the manifest.",1,1,"Editorial review; runtime coverage is listed in README.md, not implied by this row."
developer,developer_live_reload,../developer/08-development-tools/live-reload.md,Site/application developer,"Retained: sufficiently bounded for the stated task/concept, with related reading connected in the manifest.",3,0,"Editorial review; runtime coverage is listed in README.md, not implied by this row."
developer,developer_template_trace,../developer/08-development-tools/template-trace.md,Site/application developer,"Retained: sufficiently bounded for the stated task/concept, with related reading connected in the manifest.",2,0,"Editorial review; runtime coverage is listed in README.md, not implied by this row."
developer,developer_template_graph,../developer/08-development-tools/template-graph.md,Site/application developer,"Retained: sufficiently bounded for the stated task/concept, with related reading connected in the manifest.",0,0,"Editorial review; runtime coverage is listed in README.md, not implied by this row."
developer,developer_template_xref,../developer/08-development-tools/template-xref.md,Site/application developer,"Retained: sufficiently bounded for the stated task/concept, with related reading connected in the manifest.",2,0,"Editorial review; runtime coverage is listed in README.md, not implied by this row."
developer,developer_dispatch_debugging,../developer/08-development-tools/dispatch-debugging.md,Site/application developer,"Retained: sufficiently bounded for the stated task/concept, with related reading connected in the manifest.",3,0,"Editorial review; runtime coverage is listed in README.md, not implied by this row."
developer,developer_observer_tools,../developer/08-development-tools/observer-tools.md,Site/application developer,"Retained: sufficiently bounded for the stated task/concept, with related reading connected in the manifest.",3,0,"Editorial review; runtime coverage is listed in README.md, not implied by this row."
developer,developer_database_trace,../developer/08-development-tools/database-trace.md,Site/application developer,"Retained: sufficiently bounded for the stated task/concept, with related reading connected in the manifest.",2,1,"Editorial review; runtime coverage is listed in README.md, not implied by this row."
developer,developer_function_trace,../developer/08-development-tools/function-trace.md,Site/application developer,"Retained: sufficiently bounded for the stated task/concept, with related reading connected in the manifest.",2,0,"Editorial review; runtime coverage is listed in README.md, not implied by this row."
developer,developer_cache_debugging,../developer/08-development-tools/cache-debugging.md,Site/application developer,"Retained: sufficiently bounded for the stated task/concept, with related reading connected in the manifest.",3,0,"Editorial review; runtime coverage is listed in README.md, not implied by this row."
developer,developer_structured_logging,../developer/08-development-tools/structured-logging.md,Site/application developer,"Retained: sufficiently bounded for the stated task/concept, with related reading connected in the manifest.",2,0,"Editorial review; runtime coverage is listed in README.md, not implied by this row."
developer,developer_recompile_rescan,../developer/08-development-tools/recompile-rescan.md,Site/application developer,"Retained: sufficiently bounded for the stated task/concept, with related reading connected in the manifest.",4,0,"Editorial review; runtime coverage is listed in README.md, not implied by this row."
developer,developer_development_api,../developer/08-development-tools/development-api.md,Site/application developer,"Retained: sufficiently bounded for the stated task/concept, with related reading connected in the manifest.",2,0,"Editorial review; runtime coverage is listed in README.md, not implied by this row."
developer,developer_collection_testing,../developer/09-testing/index.md,Site/application developer,Reading order reviewed; contents now rendered from haspart instead of a second Markdown list.,0,0,"Editorial review; runtime coverage is listed in README.md, not implied by this row."
developer,developer_testing_strategy,../developer/09-testing/testing-strategy.md,Site/application developer,"Retained: sufficiently bounded for the stated task/concept, with related reading connected in the manifest.",3,0,"Editorial review; runtime coverage is listed in README.md, not implied by this row."
developer,developer_testing_erlang,../developer/09-testing/testing-erlang.md,Site/application developer,Added runnable user-application EUnit example outside core test discovery.,2,0,"Editorial review; runtime coverage is listed in README.md, not implied by this row."
developer,developer_testing_templates,../developer/09-testing/testing-templates.md,Site/application developer,"Retained: sufficiently bounded for the stated task/concept, with related reading connected in the manifest.",3,0,"Editorial review; runtime coverage is listed in README.md, not implied by this row."
developer,developer_testing_permissions,../developer/09-testing/testing-permissions.md,Site/application developer,"Retained: sufficiently bounded for the stated task/concept, with related reading connected in the manifest.",3,0,"Editorial review; runtime coverage is listed in README.md, not implied by this row."
developer,developer_testing_upgrades,../developer/09-testing/testing-upgrades.md,Site/application developer,"Retained: sufficiently bounded for the stated task/concept, with related reading connected in the manifest.",3,0,"Editorial review; runtime coverage is listed in README.md, not implied by this row."
developer,developer_maintaining_dependencies,../developer/09-testing/maintaining-dependencies.md,Site/application developer,"Retained: sufficiently bounded for the stated task/concept, with related reading connected in the manifest.",3,0,"Editorial review; runtime coverage is listed in README.md, not implied by this row."
developer,developer_collection_configuration_deployment,../developer/10-configuration-deployment/index.md,Developer preparing release; site operator runs it,Reading order reviewed; contents now rendered from haspart instead of a second Markdown list.,0,0,"Editorial review; runtime coverage is listed in README.md, not implied by this row."
developer,developer_configuration_layers,../developer/10-configuration-deployment/configuration-layers.md,Developer preparing release; site operator runs it,"Retained: sufficiently bounded for the stated task/concept, with related reading connected in the manifest.",3,0,"Editorial review; runtime coverage is listed in README.md, not implied by this row."
developer,developer_runtime_config,../developer/10-configuration-deployment/runtime-config.md,Developer preparing release; site operator runs it,"Retained: sufficiently bounded for the stated task/concept, with related reading connected in the manifest.",3,0,"Editorial review; runtime coverage is listed in README.md, not implied by this row."
developer,developer_environment_settings,../developer/10-configuration-deployment/environment-settings.md,Developer preparing release; site operator runs it,"Retained: sufficiently bounded for the stated task/concept, with related reading connected in the manifest.",2,0,"Editorial review; runtime coverage is listed in README.md, not implied by this row."
developer,developer_storage_configuration,../developer/10-configuration-deployment/storage-configuration.md,Developer preparing release; site operator runs it,"Retained: sufficiently bounded for the stated task/concept, with related reading connected in the manifest.",4,1,"Editorial review; runtime coverage is listed in README.md, not implied by this row."
developer,developer_deployment_workflow,../developer/10-configuration-deployment/deployment-workflow.md,Developer preparing release; site operator runs it,"Retained: sufficiently bounded for the stated task/concept, with related reading connected in the manifest.",4,0,"Editorial review; runtime coverage is listed in README.md, not implied by this row."
developer,developer_backup_recovery,../developer/10-configuration-deployment/backup-recovery.md,Developer preparing release; site operator runs it,"Retained: sufficiently bounded for the stated task/concept, with related reading connected in the manifest.",5,0,"Editorial review; runtime coverage is listed in README.md, not implied by this row."
developer,developer_collection_troubleshooting,../developer/11-troubleshooting/index.md,Site/application developer,Reading order reviewed; contents now rendered from haspart instead of a second Markdown list.,0,0,"Editorial review; runtime coverage is listed in README.md, not implied by this row."
developer,developer_site_not_starting,../developer/11-troubleshooting/site-not-starting.md,Site/application developer,"Retained: sufficiently bounded for the stated task/concept, with related reading connected in the manifest.",3,0,"Editorial review; runtime coverage is listed in README.md, not implied by this row."
developer,developer_module_missing,../developer/11-troubleshooting/module-missing.md,Site/application developer,"Retained: sufficiently bounded for the stated task/concept, with related reading connected in the manifest.",3,0,"Editorial review; runtime coverage is listed in README.md, not implied by this row."
developer,developer_module_not_active,../developer/11-troubleshooting/module-not-active.md,Site/application developer,"Retained: sufficiently bounded for the stated task/concept, with related reading connected in the manifest.",3,0,"Editorial review; runtime coverage is listed in README.md, not implied by this row."
developer,developer_changes_not_loaded,../developer/11-troubleshooting/changes-not-loaded.md,Site/application developer,"Retained: sufficiently bounded for the stated task/concept, with related reading connected in the manifest.",3,0,"Editorial review; runtime coverage is listed in README.md, not implied by this row."
developer,developer_wrong_route,../developer/11-troubleshooting/wrong-route.md,Site/application developer,"Retained: sufficiently bounded for the stated task/concept, with related reading connected in the manifest.",3,0,"Editorial review; runtime coverage is listed in README.md, not implied by this row."
developer,developer_model_errors,../developer/11-troubleshooting/model-errors.md,Site/application developer,"Retained: sufficiently bounded for the stated task/concept, with related reading connected in the manifest.",3,0,"Editorial review; runtime coverage is listed in README.md, not implied by this row."
developer,developer_missing_media,../developer/11-troubleshooting/missing-media.md,Site/application developer,"Retained: sufficiently bounded for the stated task/concept, with related reading connected in the manifest.",3,0,"Editorial review; runtime coverage is listed in README.md, not implied by this row."
developer,developer_slow_requests,../developer/11-troubleshooting/slow-requests.md,Site/application developer,"Retained: sufficiently bounded for the stated task/concept, with related reading connected in the manifest.",3,0,"Editorial review; runtime coverage is listed in README.md, not implied by this row."
developer,developer_collection_command_reference,../developer/12-command-reference/index.md,Site/application developer,Reading order reviewed; contents now rendered from haspart instead of a second Markdown list.,0,0,"Editorial review; runtime coverage is listed in README.md, not implied by this row."
developer,developer_cmd_addsite,../developer/12-command-reference/cmd-addsite.md,Site/application developer,"Syntax, scope, prerequisites and effects reviewed; keep as command reference, linked from task guides.",1,0,"Editorial review; runtime coverage is listed in README.md, not implied by this row."
developer,developer_cmd_backup,../developer/12-command-reference/cmd-backup.md,Site/application developer,"Syntax, scope, prerequisites and effects reviewed; keep as command reference, linked from task guides.",1,0,"Editorial review; runtime coverage is listed in README.md, not implied by this row."
developer,developer_cmd_chrome,../developer/12-command-reference/cmd-chrome.md,Site/application developer,"Syntax, scope, prerequisites and effects reviewed; keep as command reference, linked from task guides.",1,0,"Editorial review; runtime coverage is listed in README.md, not implied by this row."
developer,developer_cmd_chromium,../developer/12-command-reference/cmd-chromium.md,Site/application developer,"Syntax, scope, prerequisites and effects reviewed; keep as command reference, linked from task guides.",1,0,"Editorial review; runtime coverage is listed in README.md, not implied by this row."
developer,developer_cmd_compile,../developer/12-command-reference/cmd-compile.md,Site/application developer,"Syntax, scope, prerequisites and effects reviewed; keep as command reference, linked from task guides.",1,0,"Editorial review; runtime coverage is listed in README.md, not implied by this row."
developer,developer_cmd_compilefile,../developer/12-command-reference/cmd-compilefile.md,Site/application developer,"Syntax, scope, prerequisites and effects reviewed; keep as command reference, linked from task guides.",1,0,"Editorial review; runtime coverage is listed in README.md, not implied by this row."
developer,developer_cmd_config,../developer/12-command-reference/cmd-config.md,Site/application developer,"Syntax, scope, prerequisites and effects reviewed; keep as command reference, linked from task guides.",1,0,"Editorial review; runtime coverage is listed in README.md, not implied by this row."
developer,developer_cmd_configfiles,../developer/12-command-reference/cmd-configfiles.md,Site/application developer,"Syntax, scope, prerequisites and effects reviewed; keep as command reference, linked from task guides.",1,0,"Editorial review; runtime coverage is listed in README.md, not implied by this row."
developer,developer_cmd_configtest,../developer/12-command-reference/cmd-configtest.md,Site/application developer,"Syntax, scope, prerequisites and effects reviewed; keep as command reference, linked from task guides.",1,0,"Editorial review; runtime coverage is listed in README.md, not implied by this row."
developer,developer_cmd_connectdb,../developer/12-command-reference/cmd-connectdb.md,Site/application developer,"Syntax, scope, prerequisites and effects reviewed; keep as command reference, linked from task guides.",1,0,"Editorial review; runtime coverage is listed in README.md, not implied by this row."
developer,developer_cmd_createdb,../developer/12-command-reference/cmd-createdb.md,Site/application developer,"Syntax, scope, prerequisites and effects reviewed; keep as command reference, linked from task guides.",1,0,"Editorial review; runtime coverage is listed in README.md, not implied by this row."
developer,developer_cmd_debug,../developer/12-command-reference/cmd-debug.md,Site/application developer,"Syntax, scope, prerequisites and effects reviewed; keep as command reference, linked from task guides.",1,0,"Editorial review; runtime coverage is listed in README.md, not implied by this row."
developer,developer_cmd_decrypt,../developer/12-command-reference/cmd-decrypt.md,Site/application developer,"Syntax, scope, prerequisites and effects reviewed; keep as command reference, linked from task guides.",1,0,"Editorial review; runtime coverage is listed in README.md, not implied by this row."
developer,developer_cmd_dispatch,../developer/12-command-reference/cmd-dispatch.md,Site/application developer,"Syntax, scope, prerequisites and effects reviewed; keep as command reference, linked from task guides.",1,0,"Editorial review; runtime coverage is listed in README.md, not implied by this row."
developer,developer_cmd_etop,../developer/12-command-reference/cmd-etop.md,Site/application developer,"Syntax, scope, prerequisites and effects reviewed; keep as command reference, linked from task guides.",1,0,"Editorial review; runtime coverage is listed in README.md, not implied by this row."
developer,developer_cmd_flush,../developer/12-command-reference/cmd-flush.md,Site/application developer,"Syntax, scope, prerequisites and effects reviewed; keep as command reference, linked from task guides.",1,0,"Editorial review; runtime coverage is listed in README.md, not implied by this row."
developer,developer_cmd_load,../developer/12-command-reference/cmd-load.md,Site/application developer,"Syntax, scope, prerequisites and effects reviewed; keep as command reference, linked from task guides.",1,0,"Editorial review; runtime coverage is listed in README.md, not implied by this row."
developer,developer_cmd_logtail,../developer/12-command-reference/cmd-logtail.md,Site/application developer,"Syntax, scope, prerequisites and effects reviewed; keep as command reference, linked from task guides.",1,0,"Editorial review; runtime coverage is listed in README.md, not implied by this row."
developer,developer_cmd_open,../developer/12-command-reference/cmd-open.md,Site/application developer,"Syntax, scope, prerequisites and effects reviewed; keep as command reference, linked from task guides.",1,0,"Editorial review; runtime coverage is listed in README.md, not implied by this row."
developer,developer_cmd_pot,../developer/12-command-reference/cmd-pot.md,Site/application developer,"Syntax, scope, prerequisites and effects reviewed; keep as command reference, linked from task guides.",1,0,"Editorial review; runtime coverage is listed in README.md, not implied by this row."
developer,developer_cmd_resetratelimit,../developer/12-command-reference/cmd-resetratelimit.md,Site/application developer,"Syntax, scope, prerequisites and effects reviewed; keep as command reference, linked from task guides.",1,0,"Editorial review; runtime coverage is listed in README.md, not implied by this row."
developer,developer_cmd_restart,../developer/12-command-reference/cmd-restart.md,Site/application developer,"Syntax, scope, prerequisites and effects reviewed; keep as command reference, linked from task guides.",1,0,"Editorial review; runtime coverage is listed in README.md, not implied by this row."
developer,developer_cmd_restartsite,../developer/12-command-reference/cmd-restartsite.md,Site/application developer,"Syntax, scope, prerequisites and effects reviewed; keep as command reference, linked from task guides.",1,0,"Editorial review; runtime coverage is listed in README.md, not implied by this row."
developer,developer_cmd_rpc,../developer/12-command-reference/cmd-rpc.md,Site/application developer,"Syntax, scope, prerequisites and effects reviewed; keep as command reference, linked from task guides.",1,0,"Editorial review; runtime coverage is listed in README.md, not implied by this row."
developer,developer_cmd_runtests,../developer/12-command-reference/cmd-runtests.md,Site/application developer,"Syntax, scope, prerequisites and effects reviewed; keep as command reference, linked from task guides.",1,0,"Editorial review; runtime coverage is listed in README.md, not implied by this row."
developer,developer_cmd_setconfig,../developer/12-command-reference/cmd-setconfig.md,Site/application developer,"Syntax, scope, prerequisites and effects reviewed; keep as command reference, linked from task guides.",1,0,"Editorial review; runtime coverage is listed in README.md, not implied by this row."
developer,developer_cmd_shell,../developer/12-command-reference/cmd-shell.md,Site/application developer,"Syntax, scope, prerequisites and effects reviewed; keep as command reference, linked from task guides.",1,0,"Editorial review; runtime coverage is listed in README.md, not implied by this row."
developer,developer_cmd_siteconfig,../developer/12-command-reference/cmd-siteconfig.md,Site/application developer,"Syntax, scope, prerequisites and effects reviewed; keep as command reference, linked from task guides.",1,0,"Editorial review; runtime coverage is listed in README.md, not implied by this row."
developer,developer_cmd_siteconfigfiles,../developer/12-command-reference/cmd-siteconfigfiles.md,Site/application developer,"Syntax, scope, prerequisites and effects reviewed; keep as command reference, linked from task guides.",1,0,"Editorial review; runtime coverage is listed in README.md, not implied by this row."
developer,developer_cmd_sitedir,../developer/12-command-reference/cmd-sitedir.md,Site/application developer,"Syntax, scope, prerequisites and effects reviewed; keep as command reference, linked from task guides.",1,0,"Editorial review; runtime coverage is listed in README.md, not implied by this row."
developer,developer_cmd_sitetest,../developer/12-command-reference/cmd-sitetest.md,Site/application developer,"Syntax, scope, prerequisites and effects reviewed; keep as command reference, linked from task guides.",1,0,"Editorial review; runtime coverage is listed in README.md, not implied by this row."
developer,developer_cmd_start,../developer/12-command-reference/cmd-start.md,Site/application developer,"Syntax, scope, prerequisites and effects reviewed; keep as command reference, linked from task guides.",1,0,"Editorial review; runtime coverage is listed in README.md, not implied by this row."
developer,developer_cmd_start_nodaemon,../developer/12-command-reference/cmd-start-nodaemon.md,Site/application developer,"Syntax, scope, prerequisites and effects reviewed; keep as command reference, linked from task guides.",1,0,"Editorial review; runtime coverage is listed in README.md, not implied by this row."
developer,developer_cmd_startsite,../developer/12-command-reference/cmd-startsite.md,Site/application developer,"Syntax, scope, prerequisites and effects reviewed; keep as command reference, linked from task guides.",1,0,"Editorial review; runtime coverage is listed in README.md, not implied by this row."
developer,developer_cmd_status,../developer/12-command-reference/cmd-status.md,Site/application developer,"Syntax, scope, prerequisites and effects reviewed; keep as command reference, linked from task guides.",1,0,"Editorial review; runtime coverage is listed in README.md, not implied by this row."
developer,developer_cmd_stop,../developer/12-command-reference/cmd-stop.md,Site/application developer,"Syntax, scope, prerequisites and effects reviewed; keep as command reference, linked from task guides.",1,0,"Editorial review; runtime coverage is listed in README.md, not implied by this row."
developer,developer_cmd_stopsite,../developer/12-command-reference/cmd-stopsite.md,Site/application developer,"Syntax, scope, prerequisites and effects reviewed; keep as command reference, linked from task guides.",1,0,"Editorial review; runtime coverage is listed in README.md, not implied by this row."
developer,developer_cmd_update,../developer/12-command-reference/cmd-update.md,Site/application developer,"Syntax, scope, prerequisites and effects reviewed; keep as command reference, linked from task guides.",1,0,"Editorial review; runtime coverage is listed in README.md, not implied by this row."
developer,developer_cmd_wait,../developer/12-command-reference/cmd-wait.md,Site/application developer,"Syntax, scope, prerequisites and effects reviewed; keep as command reference, linked from task guides.",1,0,"Editorial review; runtime coverage is listed in README.md, not implied by this row."
editor,editor_collection_surveys_forms,../editor/10-surveys-and-forms/index.md,Content editor managing forms,Added survey task; checked against current module/templates and the standard test admin. See surveys-verification.md.,0,1,"Source review; targeted live form test and screenshots, not every advanced flow."
editor,editor_surveys_forms,../editor/10-surveys-and-forms/surveys-forms.md,Content editor managing forms,Added survey task; checked against current module/templates and the standard test admin. See surveys-verification.md.,2,1,"Source review; targeted live form test and screenshots, not every advanced flow."
editor,editor_creating_form,../editor/10-surveys-and-forms/creating-form.md,Content editor managing forms,Added survey task; checked against current module/templates and the standard test admin. See surveys-verification.md.,3,0,"Source review; targeted live form test and screenshots, not every advanced flow."
editor,editor_survey_questions,../editor/10-surveys-and-forms/adding-questions.md,Content editor managing forms,Added survey task; checked against current module/templates and the standard test admin. See surveys-verification.md.,4,0,"Source review; targeted live form test and screenshots, not every advanced flow."
editor,editor_survey_choices,../editor/10-surveys-and-forms/answer-choices.md,Content editor managing forms,Added survey task; checked against current module/templates and the standard test admin. See surveys-verification.md.,2,0,"Source review; targeted live form test and screenshots, not every advanced flow."
editor,editor_survey_pages,../editor/10-surveys-and-forms/pages-and-jumps.md,Content editor managing forms,Added survey task; checked against current module/templates and the standard test admin. See surveys-verification.md.,2,1,"Source review; targeted live form test and screenshots, not every advanced flow."
editor,editor_survey_settings,../editor/10-surveys-and-forms/answering-settings.md,Content editor managing forms,Added survey task; checked against current module/templates and the standard test admin. See surveys-verification.md.,3,1,"Source review; targeted live form test and screenshots, not every advanced flow."
editor,editor_survey_email,../editor/10-surveys-and-forms/confirmation-emails.md,Content editor managing forms,Added survey task; checked against current module/templates and the standard test admin. See surveys-verification.md.,3,0,"Source review; targeted live form test and screenshots, not every advanced flow."
editor,editor_survey_test_publish,../editor/10-surveys-and-forms/testing-publishing.md,Content editor managing forms,Added survey task; checked against current module/templates and the standard test admin. See surveys-verification.md.,3,0,"Source review; targeted live form test and screenshots, not every advanced flow."
editor,editor_survey_results,../editor/10-surveys-and-forms/reviewing-results.md,Content editor managing forms,Added survey task; checked against current module/templates and the standard test admin. See surveys-verification.md.,2,0,"Source review; targeted live form test and screenshots, not every advanced flow."
editor,editor_survey_export,../editor/10-surveys-and-forms/exporting-results.md,Content editor managing forms,Added survey task; checked against current module/templates and the standard test admin. See surveys-verification.md.,2,0,"Source review; targeted live form test and screenshots, not every advanced flow."
editor,editor_survey_change_close,../editor/10-surveys-and-forms/changing-closing.md,Content editor managing forms,Added survey task; checked against current module/templates and the standard test admin. See surveys-verification.md.,3,0,"Source review; targeted live form test and screenshots, not every advanced flow."
editor,editor_survey_quiz,../editor/10-surveys-and-forms/quizzes.md,Content editor managing forms,Added survey task; checked against current module/templates and the standard test admin. See surveys-verification.md.,3,1,"Source review; targeted live form test and screenshots, not every advanced flow."
developer,developer_install_containers,../developer/01-getting-started/install-containers.md,New Zotonic developer,"Rewritten as a first-run installation path with explicit commands, expected outcomes, and next steps.",3,0,Source and package-documentation checks; see installation-review.md. Fresh installation not executed.
developer,developer_install_native,../developer/01-getting-started/install-native.md,New Zotonic developer,"Rewritten as a first-run installation path with explicit commands, expected outcomes, and next steps.",3,0,Source and package-documentation checks; see installation-review.md. Fresh installation not executed.
developer,developer_installation_requirements,../developer/01-getting-started/installation-requirements.md,New Zotonic developer,"Rewritten as a first-run installation path with explicit commands, expected outcomes, and next steps.",3,0,Source and package-documentation checks; see installation-review.md. Fresh installation not executed.
developer,developer_local_postgresql,../developer/01-getting-started/local-postgresql.md,New Zotonic developer,"Rewritten as a first-run installation path with explicit commands, expected outcomes, and next steps.",2,0,Source and package-documentation checks; see installation-review.md. Fresh installation not executed.
developer,developer_install_nix,../developer/01-getting-started/install-nix.md,New Zotonic developer,"Rewritten as a first-run installation path with explicit commands, expected outcomes, and next steps.",2,0,Source and package-documentation checks; see installation-review.md. Fresh installation not executed.
administration,admin_guide,../administration/index.md,Site administrator / operator; access stated on task,"Task steps, prerequisites, verification, and failure consequences reviewed.",2,0,Source review; see administration/VERIFICATION.md. No production operations executed.
administration,admin_collection_people,../administration/01-people-and-permissions/index.md,Site administrator / operator; access stated on task,"Task steps, prerequisites, verification, and failure consequences reviewed.",0,0,Source review; see administration/VERIFICATION.md. No production operations executed.
administration,admin_collection_settings,../administration/02-site-settings-and-modules/index.md,Site administrator / operator; access stated on task,"Task steps, prerequisites, verification, and failure consequences reviewed.",0,0,Source review; see administration/VERIFICATION.md. No production operations executed.
administration,admin_collection_deployment,../administration/03-installation-and-deployment/index.md,Site administrator / operator; access stated on task,"Task steps, prerequisites, verification, and failure consequences reviewed.",0,0,Source review; see administration/VERIFICATION.md. No production operations executed.
administration,admin_collection_services,../administration/04-configuration-and-services/index.md,Site administrator / operator; access stated on task,"Task steps, prerequisites, verification, and failure consequences reviewed.",0,0,Source review; see administration/VERIFICATION.md. No production operations executed.
administration,admin_collection_backups,../administration/05-backups-and-recovery/index.md,Site administrator / operator; access stated on task,"Task steps, prerequisites, verification, and failure consequences reviewed.",0,0,Source review; see administration/VERIFICATION.md. No production operations executed.
administration,admin_collection_maintenance,../administration/06-updates-and-maintenance/index.md,Site administrator / operator; access stated on task,"Task steps, prerequisites, verification, and failure consequences reviewed.",0,0,Source review; see administration/VERIFICATION.md. No production operations executed.
administration,admin_collection_monitoring,../administration/07-monitoring-and-troubleshooting/index.md,Site administrator / operator; access stated on task,"Task steps, prerequisites, verification, and failure consequences reviewed.",0,0,Source review; see administration/VERIFICATION.md. No production operations executed.
administration,admin_assign_access,../administration/01-people-and-permissions/assign-access.md,Site administrator / operator; access stated on task,"Task steps, prerequisites, verification, and failure consequences reviewed.",2,0,Source review; see administration/VERIFICATION.md. No production operations executed.
administration,admin_access_rules,../administration/01-people-and-permissions/access-rules.md,Site administrator / operator; access stated on task,"Task steps, prerequisites, verification, and failure consequences reviewed.",2,0,Source review; see administration/VERIFICATION.md. No production operations executed.
administration,admin_remove_access,../administration/01-people-and-permissions/remove-access.md,Site administrator / operator; access stated on task,"Task steps, prerequisites, verification, and failure consequences reviewed.",3,0,Source review; see administration/VERIFICATION.md. No production operations executed.
administration,admin_review_access,../administration/01-people-and-permissions/review-access.md,Site administrator / operator; access stated on task,"Task steps, prerequisites, verification, and failure consequences reviewed.",3,0,Source review; see administration/VERIFICATION.md. No production operations executed.
administration,admin_admin_scopes,../administration/02-site-settings-and-modules/admin-scopes.md,Site administrator / operator; access stated on task,"Task steps, prerequisites, verification, and failure consequences reviewed.",2,0,Source review; see administration/VERIFICATION.md. No production operations executed.
administration,admin_enable_modules,../administration/02-site-settings-and-modules/enable-modules.md,Site administrator / operator; access stated on task,"Task steps, prerequisites, verification, and failure consequences reviewed.",3,0,Source review; see administration/VERIFICATION.md. No production operations executed.
administration,admin_enable_languages,../administration/02-site-settings-and-modules/enable-languages.md,Site administrator / operator; access stated on task,"Task steps, prerequisites, verification, and failure consequences reviewed.",1,0,Source review; see administration/VERIFICATION.md. No production operations executed.
administration,admin_upload_policy,../administration/02-site-settings-and-modules/upload-policy.md,Site administrator / operator; access stated on task,"Task steps, prerequisites, verification, and failure consequences reviewed.",2,0,Source review; see administration/VERIFICATION.md. No production operations executed.
administration,admin_prepare_environment,../administration/03-installation-and-deployment/prepare-environment.md,Site administrator / operator; access stated on task,"Task steps, prerequisites, verification, and failure consequences reviewed.",4,0,Source review; see administration/VERIFICATION.md. No production operations executed.
administration,admin_deploy_release,../administration/03-installation-and-deployment/deploy-release.md,Site administrator / operator; access stated on task,"Task steps, prerequisites, verification, and failure consequences reviewed.",4,0,Source review; see administration/VERIFICATION.md. No production operations executed.
administration,admin_service_startup,../administration/03-installation-and-deployment/service-startup.md,Site administrator / operator; access stated on task,"Task steps, prerequisites, verification, and failure consequences reviewed.",3,0,Source review; see administration/VERIFICATION.md. No production operations executed.
administration,admin_persistent_settings,../administration/04-configuration-and-services/persistent-settings.md,Site administrator / operator; access stated on task,"Task steps, prerequisites, verification, and failure consequences reviewed.",2,0,Source review; see administration/VERIFICATION.md. No production operations executed.
administration,admin_hostnames_https,../administration/04-configuration-and-services/hostnames-https.md,Site administrator / operator; access stated on task,"Task steps, prerequisites, verification, and failure consequences reviewed.",3,0,Source review; see administration/VERIFICATION.md. No production operations executed.
administration,admin_outbound_email,../administration/04-configuration-and-services/outbound-email.md,Site administrator / operator; access stated on task,"Task steps, prerequisites, verification, and failure consequences reviewed.",3,0,Source review; see administration/VERIFICATION.md. No production operations executed.
administration,admin_test_email,../administration/04-configuration-and-services/test-email.md,Site administrator / operator; access stated on task,"Task steps, prerequisites, verification, and failure consequences reviewed.",2,0,Source review; see administration/VERIFICATION.md. No production operations executed.
administration,admin_media_storage,../administration/04-configuration-and-services/media-storage.md,Site administrator / operator; access stated on task,"Task steps, prerequisites, verification, and failure consequences reviewed.",3,1,Source review; see administration/VERIFICATION.md. No production operations executed.
administration,admin_database_connection,../administration/04-configuration-and-services/database-connection.md,Site administrator / operator; access stated on task,"Task steps, prerequisites, verification, and failure consequences reviewed.",3,0,Source review; see administration/VERIFICATION.md. No production operations executed.
administration,admin_backup_plan,../administration/05-backups-and-recovery/backup-plan.md,Site administrator / operator; access stated on task,"Task steps, prerequisites, verification, and failure consequences reviewed.",3,0,Source review; see administration/VERIFICATION.md. No production operations executed.
administration,admin_make_backup,../administration/05-backups-and-recovery/make-backup.md,Site administrator / operator; access stated on task,"Task steps, prerequisites, verification, and failure consequences reviewed.",3,0,Source review; see administration/VERIFICATION.md. No production operations executed.
administration,admin_restore_site,../administration/05-backups-and-recovery/restore-site.md,Site administrator / operator; access stated on task,"Task steps, prerequisites, verification, and failure consequences reviewed.",3,0,Source review; see administration/VERIFICATION.md. No production operations executed.
administration,admin_recover_page,../administration/05-backups-and-recovery/recover-page.md,Site administrator / operator; access stated on task,"Task steps, prerequisites, verification, and failure consequences reviewed.",2,0,Source review; see administration/VERIFICATION.md. No production operations executed.
administration,admin_upgrade,../administration/06-updates-and-maintenance/upgrade.md,Site administrator / operator; access stated on task,"Task steps, prerequisites, verification, and failure consequences reviewed.",3,0,Source review; see administration/VERIFICATION.md. No production operations executed.
administration,admin_rollback,../administration/06-updates-and-maintenance/rollback.md,Site administrator / operator; access stated on task,"Task steps, prerequisites, verification, and failure consequences reviewed.",2,0,Source review; see administration/VERIFICATION.md. No production operations executed.
administration,admin_maintenance_window,../administration/06-updates-and-maintenance/maintenance-window.md,Site administrator / operator; access stated on task,"Task steps, prerequisites, verification, and failure consequences reviewed.",3,0,Source review; see administration/VERIFICATION.md. No production operations executed.
administration,admin_health_checks,../administration/07-monitoring-and-troubleshooting/health-checks.md,Site administrator / operator; access stated on task,"Task steps, prerequisites, verification, and failure consequences reviewed.",3,0,Source review; see administration/VERIFICATION.md. No production operations executed.
administration,admin_logs,../administration/07-monitoring-and-troubleshooting/logs.md,Site administrator / operator; access stated on task,"Task steps, prerequisites, verification, and failure consequences reviewed.",2,0,Source review; see administration/VERIFICATION.md. No production operations executed.
administration,admin_startup_failures,../administration/07-monitoring-and-troubleshooting/startup-failures.md,Site administrator / operator; access stated on task,"Task steps, prerequisites, verification, and failure consequences reviewed.",3,0,Source review; see administration/VERIFICATION.md. No production operations executed.
administration,admin_mail_failures,../administration/07-monitoring-and-troubleshooting/mail-failures.md,Site administrator / operator; access stated on task,"Task steps, prerequisites, verification, and failure consequences reviewed.",3,0,Source review; see administration/VERIFICATION.md. No production operations executed.
administration,admin_media_failures,../administration/07-monitoring-and-troubleshooting/media-failures.md,Site administrator / operator; access stated on task,"Task steps, prerequisites, verification, and failure consequences reviewed.",4,0,Source review; see administration/VERIFICATION.md. No production operations executed.
administration,admin_incident,../administration/07-monitoring-and-troubleshooting/incident.md,Site administrator / operator; access stated on task,"Task steps, prerequisites, verification, and failure consequences reviewed.",3,0,Source review; see administration/VERIFICATION.md. No production operations executed.
administration,admin_media_sandbox,../administration/04-configuration-and-services/media-sandbox.md,Server and media-processing operator,"Explains local versus remote processing, enforcement limits, configuration, and acceptance checks.",5,0,Current local source; see administration/VERIFICATION.md. Remote runner not deployed.
